model,experiment,year,pr
ACCESS-CM2,historical,1960,92.38313558
ACCESS-CM2,historical,1961,54.46115758
ACCESS-CM2,historical,1962,109.94154029
ACCESS-CM2,historical,1963,157.98248383
ACCESS-CM2,historical,1964,120.34031652
ACCESS-CM2,historical,1965,108.54635667
ACCESS-CM2,historical,1966,42.42612660
ACCESS-CM2,historical,1967,78.68868142
ACCESS-CM2,historical,1968,70.67941290
ACCESS-CM2,historical,1969,59.37552839
ACCESS-CM2,historical,1970,90.17024103
ACCESS-CM2,historical,1971,100.94578451
ACCESS-CM2,historical,1972,102.87362517
ACCESS-CM2,historical,1973,80.01681324
ACCESS-CM2,historical,1974,54.76263172
ACCESS-CM2,historical,1975,81.60891622
ACCESS-CM2,historical,1976,37.93800595
ACCESS-CM2,historical,1977,48.84612295
ACCESS-CM2,historical,1978,70.98205006
ACCESS-CM2,historical,1979,54.40685726
ACCESS-CM2,historical,1980,58.49567691
ACCESS-CM2,historical,1981,29.51212974
ACCESS-CM2,historical,1982,82.70640300
ACCESS-CM2,historical,1983,34.48028221
ACCESS-CM2,historical,1984,54.66909814
ACCESS-CM2,historical,1985,95.93766243
ACCESS-CM2,historical,1986,45.33536991
ACCESS-CM2,historical,1987,81.28997907
ACCESS-CM2,historical,1988,131.83017984
ACCESS-CM2,historical,1989,58.42457863
ACCESS-CM2,historical,1990,110.96906616
ACCESS-CM2,historical,1991,38.26445149
ACCESS-CM2,historical,1992,111.05732318
ACCESS-CM2,historical,1993,73.32192510
ACCESS-CM2,historical,1994,48.54364271
ACCESS-CM2,historical,1995,54.81045816
ACCESS-CM2,historical,1996,127.85125808
ACCESS-CM2,historical,1997,90.74530599
ACCESS-CM2,historical,1998,100.09078506
ACCESS-CM2,historical,1999,67.72011018
ACCESS-CM2,historical,2000,92.79675311
ACCESS-CM2,historical,2001,105.01196823
ACCESS-CM2,historical,2002,99.09241646
ACCESS-CM2,historical,2003,76.01375693
ACCESS-CM2,historical,2004,68.77472524
ACCESS-CM2,historical,2005,105.21500890
ACCESS-CM2,historical,2006,76.55568645
ACCESS-CM2,historical,2007,141.41230334
ACCESS-CM2,historical,2008,82.79070385
ACCESS-CM2,historical,2009,126.28574857
ACCESS-CM2,historical,2010,77.17026212
ACCESS-CM2,historical,2011,57.33029339
ACCESS-CM2,historical,2012,90.41065726
ACCESS-CM2,historical,2013,61.90425042
ACCESS-CM2,historical,2014,27.20916571
ACCESS-CM2,ssp126,2015,37.48849296
ACCESS-CM2,ssp126,2016,73.61952381
ACCESS-CM2,ssp126,2017,72.21168675
ACCESS-CM2,ssp126,2018,109.65868791
ACCESS-CM2,ssp126,2019,89.14815603
ACCESS-CM2,ssp126,2020,119.62459390
ACCESS-CM2,ssp126,2021,148.24444042
ACCESS-CM2,ssp126,2022,82.37543909
ACCESS-CM2,ssp126,2023,116.94150383
ACCESS-CM2,ssp126,2024,111.65456366
ACCESS-CM2,ssp126,2025,83.14282709
ACCESS-CM2,ssp126,2026,74.17886488
ACCESS-CM2,ssp126,2027,85.14528708
ACCESS-CM2,ssp126,2028,147.64849649
ACCESS-CM2,ssp126,2029,74.32913530
ACCESS-CM2,ssp126,2030,106.87290214
ACCESS-CM2,ssp126,2031,72.99227817
ACCESS-CM2,ssp126,2032,109.22290266
ACCESS-CM2,ssp126,2033,98.44729761
ACCESS-CM2,ssp126,2034,153.70009553
ACCESS-CM2,ssp126,2035,76.78082721
ACCESS-CM2,ssp126,2036,109.42807598
ACCESS-CM2,ssp126,2037,42.81008461
ACCESS-CM2,ssp126,2038,118.50103227
ACCESS-CM2,ssp126,2039,76.46996175
ACCESS-CM2,ssp126,2040,89.40484037
ACCESS-CM2,ssp126,2041,83.71119708
ACCESS-CM2,ssp126,2042,121.66280730
ACCESS-CM2,ssp126,2043,95.37862234
ACCESS-CM2,ssp126,2044,113.83330026
ACCESS-CM2,ssp126,2045,105.08487315
ACCESS-CM2,ssp126,2046,32.33879486
ACCESS-CM2,ssp126,2047,84.83124511
ACCESS-CM2,ssp126,2048,77.62383742
ACCESS-CM2,ssp126,2049,83.18438129
ACCESS-CM2,ssp126,2050,86.50521392
ACCESS-CM2,ssp126,2051,79.87460060
ACCESS-CM2,ssp126,2052,65.56621842
ACCESS-CM2,ssp126,2053,127.14023791
ACCESS-CM2,ssp126,2054,77.57221254
ACCESS-CM2,ssp126,2055,110.30998342
ACCESS-CM2,ssp126,2056,117.58129878
ACCESS-CM2,ssp126,2057,115.17856194
ACCESS-CM2,ssp126,2058,65.17760858
ACCESS-CM2,ssp126,2059,74.00694699
ACCESS-CM2,ssp126,2060,127.50788029
ACCESS-CM2,ssp126,2061,152.63445494
ACCESS-CM2,ssp126,2062,57.21383482
ACCESS-CM2,ssp126,2063,116.93614021
ACCESS-CM2,ssp126,2064,99.59845600
ACCESS-CM2,ssp126,2065,113.53407902
ACCESS-CM2,ssp126,2066,79.06103550
ACCESS-CM2,ssp126,2067,89.18614615
ACCESS-CM2,ssp126,2068,72.14451907
ACCESS-CM2,ssp126,2069,91.41941177
ACCESS-CM2,ssp126,2070,57.08373295
ACCESS-CM2,ssp126,2071,90.28665549
ACCESS-CM2,ssp126,2072,148.05537172
ACCESS-CM2,ssp126,2073,63.85952446
ACCESS-CM2,ssp126,2074,115.40184543
ACCESS-CM2,ssp126,2075,185.98946095
ACCESS-CM2,ssp126,2076,83.78899094
ACCESS-CM2,ssp126,2077,83.54149753
ACCESS-CM2,ssp126,2078,15.59145606
ACCESS-CM2,ssp126,2079,80.16623255
ACCESS-CM2,ssp126,2080,117.74363761
ACCESS-CM2,ssp126,2081,92.53885600
ACCESS-CM2,ssp126,2082,79.03573969
ACCESS-CM2,ssp126,2083,155.74878731
ACCESS-CM2,ssp126,2084,49.24350354
ACCESS-CM2,ssp126,2085,160.13369559
ACCESS-CM2,ssp126,2086,70.41073430
ACCESS-CM2,ssp126,2087,28.45837878
ACCESS-CM2,ssp126,2088,70.82755558
ACCESS-CM2,ssp126,2089,69.86172873
ACCESS-CM2,ssp126,2090,91.13873825
ACCESS-CM2,ssp126,2091,63.34499407
ACCESS-CM2,ssp126,2092,66.07755724
ACCESS-CM2,ssp126,2093,90.14214407
ACCESS-CM2,ssp126,2094,51.09011346
ACCESS-CM2,ssp126,2095,125.26055492
ACCESS-CM2,ssp126,2096,123.60073294
ACCESS-CM2,ssp126,2097,141.69921430
ACCESS-CM2,ssp126,2098,63.28205967
ACCESS-CM2,ssp126,2099,66.84207874
ACCESS-CM2,ssp245,2015,55.26754261
ACCESS-CM2,ssp245,2016,70.90983613
ACCESS-CM2,ssp245,2017,52.88156579
ACCESS-CM2,ssp245,2018,135.89100899
ACCESS-CM2,ssp245,2019,60.85819204
ACCESS-CM2,ssp245,2020,78.10148352
ACCESS-CM2,ssp245,2021,85.26122625
ACCESS-CM2,ssp245,2022,111.14718071
ACCESS-CM2,ssp245,2023,116.74000648
ACCESS-CM2,ssp245,2024,118.62311119
ACCESS-CM2,ssp245,2025,54.64363459
ACCESS-CM2,ssp245,2026,70.88971386
ACCESS-CM2,ssp245,2027,54.55913948
ACCESS-CM2,ssp245,2028,122.93934680
ACCESS-CM2,ssp245,2029,71.01216863
ACCESS-CM2,ssp245,2030,47.53818855
ACCESS-CM2,ssp245,2031,121.97240141
ACCESS-CM2,ssp245,2032,157.72734446
ACCESS-CM2,ssp245,2033,73.35238713
ACCESS-CM2,ssp245,2034,97.95117130
ACCESS-CM2,ssp245,2035,77.04539464
ACCESS-CM2,ssp245,2036,111.23233189
ACCESS-CM2,ssp245,2037,117.87628776
ACCESS-CM2,ssp245,2038,68.50905780
ACCESS-CM2,ssp245,2039,79.70518901
ACCESS-CM2,ssp245,2040,155.47062101
ACCESS-CM2,ssp245,2041,120.90639188
ACCESS-CM2,ssp245,2042,115.31081844
ACCESS-CM2,ssp245,2043,94.46460543
ACCESS-CM2,ssp245,2044,77.19707171
ACCESS-CM2,ssp245,2045,130.55506557
ACCESS-CM2,ssp245,2046,95.83292914
ACCESS-CM2,ssp245,2047,91.44290101
ACCESS-CM2,ssp245,2048,64.01840190
ACCESS-CM2,ssp245,2049,64.39584103
ACCESS-CM2,ssp245,2050,61.56578931
ACCESS-CM2,ssp245,2051,68.45445900
ACCESS-CM2,ssp245,2052,150.88841566
ACCESS-CM2,ssp245,2053,80.41647971
ACCESS-CM2,ssp245,2054,122.42074833
ACCESS-CM2,ssp245,2055,217.41201745
ACCESS-CM2,ssp245,2056,126.68133134
ACCESS-CM2,ssp245,2057,74.78214080
ACCESS-CM2,ssp245,2058,153.27425397
ACCESS-CM2,ssp245,2059,53.00223106
ACCESS-CM2,ssp245,2060,99.06510315
ACCESS-CM2,ssp245,2061,62.85745979
ACCESS-CM2,ssp245,2062,111.17560180
ACCESS-CM2,ssp245,2063,94.58098726
ACCESS-CM2,ssp245,2064,53.90754174
ACCESS-CM2,ssp245,2065,128.51570546
ACCESS-CM2,ssp245,2066,96.80249015
ACCESS-CM2,ssp245,2067,58.81619216
ACCESS-CM2,ssp245,2068,103.39116667
ACCESS-CM2,ssp245,2069,122.70161373
ACCESS-CM2,ssp245,2070,39.66597787
ACCESS-CM2,ssp245,2071,117.68114238
ACCESS-CM2,ssp245,2072,154.62304184
ACCESS-CM2,ssp245,2073,57.59728282
ACCESS-CM2,ssp245,2074,64.32225795
ACCESS-CM2,ssp245,2075,125.30923495
ACCESS-CM2,ssp245,2076,70.71818141
ACCESS-CM2,ssp245,2077,73.26296153
ACCESS-CM2,ssp245,2078,95.57977118
ACCESS-CM2,ssp245,2079,79.84907646
ACCESS-CM2,ssp245,2080,62.99730866
ACCESS-CM2,ssp245,2081,54.05787963
ACCESS-CM2,ssp245,2082,79.24517546
ACCESS-CM2,ssp245,2083,67.03451712
ACCESS-CM2,ssp245,2084,117.65813509
ACCESS-CM2,ssp245,2085,112.78174060
ACCESS-CM2,ssp245,2086,77.51115165
ACCESS-CM2,ssp245,2087,66.06586859
ACCESS-CM2,ssp245,2088,132.72535645
ACCESS-CM2,ssp245,2089,91.32147240
ACCESS-CM2,ssp245,2090,90.54398455
ACCESS-CM2,ssp245,2091,71.80390891
ACCESS-CM2,ssp245,2092,93.52649667
ACCESS-CM2,ssp245,2093,94.59255433
ACCESS-CM2,ssp245,2094,118.41997278
ACCESS-CM2,ssp245,2095,66.60671134
ACCESS-CM2,ssp245,2096,161.42449200
ACCESS-CM2,ssp245,2097,138.56043117
ACCESS-CM2,ssp245,2098,42.88458429
ACCESS-CM2,ssp245,2099,118.86919362
ACCESS-CM2,ssp370,2015,91.73525830
ACCESS-CM2,ssp370,2016,103.13898907
ACCESS-CM2,ssp370,2017,123.93963560
ACCESS-CM2,ssp370,2018,75.19719381
ACCESS-CM2,ssp370,2019,68.22773616
ACCESS-CM2,ssp370,2020,81.94499326
ACCESS-CM2,ssp370,2021,33.16694670
ACCESS-CM2,ssp370,2022,47.98934034
ACCESS-CM2,ssp370,2023,75.13652067
ACCESS-CM2,ssp370,2024,73.55083357
ACCESS-CM2,ssp370,2025,134.65860798
ACCESS-CM2,ssp370,2026,78.16972245
ACCESS-CM2,ssp370,2027,65.54589329
ACCESS-CM2,ssp370,2028,122.50052683
ACCESS-CM2,ssp370,2029,134.25117850
ACCESS-CM2,ssp370,2030,140.43265772
ACCESS-CM2,ssp370,2031,118.37998696
ACCESS-CM2,ssp370,2032,113.42551447
ACCESS-CM2,ssp370,2033,46.12995748
ACCESS-CM2,ssp370,2034,70.18823317
ACCESS-CM2,ssp370,2035,82.90409888
ACCESS-CM2,ssp370,2036,127.22854865
ACCESS-CM2,ssp370,2037,132.65870606
ACCESS-CM2,ssp370,2038,45.43513863
ACCESS-CM2,ssp370,2039,87.15047709
ACCESS-CM2,ssp370,2040,61.72997248
ACCESS-CM2,ssp370,2041,100.69845784
ACCESS-CM2,ssp370,2042,99.19879961
ACCESS-CM2,ssp370,2043,94.96529763
ACCESS-CM2,ssp370,2044,97.07176939
ACCESS-CM2,ssp370,2045,82.03259363
ACCESS-CM2,ssp370,2046,73.52909728
ACCESS-CM2,ssp370,2047,92.05775001
ACCESS-CM2,ssp370,2048,70.40118302
ACCESS-CM2,ssp370,2049,68.49500028
ACCESS-CM2,ssp370,2050,77.84905925
ACCESS-CM2,ssp370,2051,48.58617532
ACCESS-CM2,ssp370,2052,66.07576433
ACCESS-CM2,ssp370,2053,64.34398300
ACCESS-CM2,ssp370,2054,115.73396284
ACCESS-CM2,ssp370,2055,94.31386316
ACCESS-CM2,ssp370,2056,116.92068105
ACCESS-CM2,ssp370,2057,103.97464351
ACCESS-CM2,ssp370,2058,77.05082617
ACCESS-CM2,ssp370,2059,56.89955706
ACCESS-CM2,ssp370,2060,98.45028973
ACCESS-CM2,ssp370,2061,109.54219476
ACCESS-CM2,ssp370,2062,94.72356633
ACCESS-CM2,ssp370,2063,142.16519382
ACCESS-CM2,ssp370,2064,157.61261908
ACCESS-CM2,ssp370,2065,195.14121744
ACCESS-CM2,ssp370,2066,119.14567618
ACCESS-CM2,ssp370,2067,134.91108792
ACCESS-CM2,ssp370,2068,94.13945025
ACCESS-CM2,ssp370,2069,118.86344250
ACCESS-CM2,ssp370,2070,98.34401833
ACCESS-CM2,ssp370,2071,50.47978054
ACCESS-CM2,ssp370,2072,117.46904654
ACCESS-CM2,ssp370,2073,204.27472747
ACCESS-CM2,ssp370,2074,84.15960614
ACCESS-CM2,ssp370,2075,125.82253400
ACCESS-CM2,ssp370,2076,104.85874529
ACCESS-CM2,ssp370,2077,91.41824941
ACCESS-CM2,ssp370,2078,88.12097678
ACCESS-CM2,ssp370,2079,142.94417455
ACCESS-CM2,ssp370,2080,128.19331771
ACCESS-CM2,ssp370,2081,30.18875860
ACCESS-CM2,ssp370,2082,72.07623055
ACCESS-CM2,ssp370,2083,131.64588037
ACCESS-CM2,ssp370,2084,79.29097103
ACCESS-CM2,ssp370,2085,96.26741368
ACCESS-CM2,ssp370,2086,87.62390702
ACCESS-CM2,ssp370,2087,95.95325687
ACCESS-CM2,ssp370,2088,198.56242078
ACCESS-CM2,ssp370,2089,132.76946721
ACCESS-CM2,ssp370,2090,58.88212232
ACCESS-CM2,ssp370,2091,104.10568362
ACCESS-CM2,ssp370,2092,81.54359354
ACCESS-CM2,ssp370,2093,85.11569419
ACCESS-CM2,ssp370,2094,155.02110159
ACCESS-CM2,ssp370,2095,152.79961277
ACCESS-CM2,ssp370,2096,113.31746717
ACCESS-CM2,ssp370,2097,110.15862681
ACCESS-CM2,ssp370,2098,153.12757177
ACCESS-CM2,ssp370,2099,130.19380058
ACCESS-CM2,ssp585,2015,73.78019289
ACCESS-CM2,ssp585,2016,93.13190313
ACCESS-CM2,ssp585,2017,93.33323229
ACCESS-CM2,ssp585,2018,71.72657395
ACCESS-CM2,ssp585,2019,33.61835898
ACCESS-CM2,ssp585,2020,117.74997863
ACCESS-CM2,ssp585,2021,63.67710322
ACCESS-CM2,ssp585,2022,76.82091334
ACCESS-CM2,ssp585,2023,134.34032447
ACCESS-CM2,ssp585,2024,66.17736187
ACCESS-CM2,ssp585,2025,44.50915644
ACCESS-CM2,ssp585,2026,98.32011659
ACCESS-CM2,ssp585,2027,48.89265585
ACCESS-CM2,ssp585,2028,91.65489529
ACCESS-CM2,ssp585,2029,57.95243898
ACCESS-CM2,ssp585,2030,55.35799805
ACCESS-CM2,ssp585,2031,145.64082618
ACCESS-CM2,ssp585,2032,102.57213357
ACCESS-CM2,ssp585,2033,67.68157357
ACCESS-CM2,ssp585,2034,87.16393618
ACCESS-CM2,ssp585,2035,84.90875686
ACCESS-CM2,ssp585,2036,59.33682609
ACCESS-CM2,ssp585,2037,131.56032776
ACCESS-CM2,ssp585,2038,89.21309345
ACCESS-CM2,ssp585,2039,105.61527628
ACCESS-CM2,ssp585,2040,54.64228557
ACCESS-CM2,ssp585,2041,93.65452484
ACCESS-CM2,ssp585,2042,84.56483182
ACCESS-CM2,ssp585,2043,160.50606139
ACCESS-CM2,ssp585,2044,70.91213546
ACCESS-CM2,ssp585,2045,80.54172234
ACCESS-CM2,ssp585,2046,94.79634934
ACCESS-CM2,ssp585,2047,96.40829758
ACCESS-CM2,ssp585,2048,68.41229385
ACCESS-CM2,ssp585,2049,88.76697942
ACCESS-CM2,ssp585,2050,49.78426739
ACCESS-CM2,ssp585,2051,77.15721659
ACCESS-CM2,ssp585,2052,74.86088235
ACCESS-CM2,ssp585,2053,121.64894857
ACCESS-CM2,ssp585,2054,87.72211044
ACCESS-CM2,ssp585,2055,152.66518145
ACCESS-CM2,ssp585,2056,139.52522497
ACCESS-CM2,ssp585,2057,74.88850577
ACCESS-CM2,ssp585,2058,93.44158522
ACCESS-CM2,ssp585,2059,78.35309005
ACCESS-CM2,ssp585,2060,93.54408043
ACCESS-CM2,ssp585,2061,131.80746257
ACCESS-CM2,ssp585,2062,124.20194152
ACCESS-CM2,ssp585,2063,111.93689821
ACCESS-CM2,ssp585,2064,55.94449524
ACCESS-CM2,ssp585,2065,52.73143597
ACCESS-CM2,ssp585,2066,117.68477798
ACCESS-CM2,ssp585,2067,154.45646271
ACCESS-CM2,ssp585,2068,92.71469205
ACCESS-CM2,ssp585,2069,110.74824906
ACCESS-CM2,ssp585,2070,91.55877796
ACCESS-CM2,ssp585,2071,66.08251637
ACCESS-CM2,ssp585,2072,73.58047737
ACCESS-CM2,ssp585,2073,91.18378965
ACCESS-CM2,ssp585,2074,119.26447131
ACCESS-CM2,ssp585,2075,105.71389796
ACCESS-CM2,ssp585,2076,85.50030609
ACCESS-CM2,ssp585,2077,111.93099748
ACCESS-CM2,ssp585,2078,78.48032352
ACCESS-CM2,ssp585,2079,88.43044684
ACCESS-CM2,ssp585,2080,132.95109979
ACCESS-CM2,ssp585,2081,82.32974762
ACCESS-CM2,ssp585,2082,136.66106904
ACCESS-CM2,ssp585,2083,83.40545397
ACCESS-CM2,ssp585,2084,189.62790346
ACCESS-CM2,ssp585,2085,107.72200525
ACCESS-CM2,ssp585,2086,101.03892509
ACCESS-CM2,ssp585,2087,71.89392528
ACCESS-CM2,ssp585,2088,164.43417175
ACCESS-CM2,ssp585,2089,57.15577251
ACCESS-CM2,ssp585,2090,122.49454118
ACCESS-CM2,ssp585,2091,87.87857675
ACCESS-CM2,ssp585,2092,122.49855980
ACCESS-CM2,ssp585,2093,111.11495126
ACCESS-CM2,ssp585,2094,137.45853773
ACCESS-CM2,ssp585,2095,58.30856499
ACCESS-CM2,ssp585,2096,180.12985279
ACCESS-CM2,ssp585,2097,110.76069972
ACCESS-CM2,ssp585,2098,120.15984559
ACCESS-CM2,ssp585,2099,94.72987499
AWI-CM-1-1-MR,historical,1960,39.59716591
AWI-CM-1-1-MR,historical,1961,86.69009828
AWI-CM-1-1-MR,historical,1962,97.85802249
AWI-CM-1-1-MR,historical,1963,14.81624686
AWI-CM-1-1-MR,historical,1964,18.08237400
AWI-CM-1-1-MR,historical,1965,113.76488112
AWI-CM-1-1-MR,historical,1966,30.77541143
AWI-CM-1-1-MR,historical,1967,37.35672472
AWI-CM-1-1-MR,historical,1968,46.28336636
AWI-CM-1-1-MR,historical,1969,111.34011386
AWI-CM-1-1-MR,historical,1970,29.37872525
AWI-CM-1-1-MR,historical,1971,58.83604246
AWI-CM-1-1-MR,historical,1972,67.46153963
AWI-CM-1-1-MR,historical,1973,95.86287185
AWI-CM-1-1-MR,historical,1974,90.16979913
AWI-CM-1-1-MR,historical,1975,86.09546075
AWI-CM-1-1-MR,historical,1976,68.53662389
AWI-CM-1-1-MR,historical,1977,95.87332396
AWI-CM-1-1-MR,historical,1978,70.19989615
AWI-CM-1-1-MR,historical,1979,81.97487009
AWI-CM-1-1-MR,historical,1980,112.02810651
AWI-CM-1-1-MR,historical,1981,79.59837323
AWI-CM-1-1-MR,historical,1982,49.06397527
AWI-CM-1-1-MR,historical,1983,99.49395456
AWI-CM-1-1-MR,historical,1984,81.53786392
AWI-CM-1-1-MR,historical,1985,104.31145664
AWI-CM-1-1-MR,historical,1986,33.65822582
AWI-CM-1-1-MR,historical,1987,73.47637455
AWI-CM-1-1-MR,historical,1988,126.47367922
AWI-CM-1-1-MR,historical,1989,21.67043686
AWI-CM-1-1-MR,historical,1990,64.86508010
AWI-CM-1-1-MR,historical,1991,85.01245823
AWI-CM-1-1-MR,historical,1992,62.67246337
AWI-CM-1-1-MR,historical,1993,58.70303105
AWI-CM-1-1-MR,historical,1994,100.88622765
AWI-CM-1-1-MR,historical,1995,41.29085674
AWI-CM-1-1-MR,historical,1996,75.68287425
AWI-CM-1-1-MR,historical,1997,126.96862724
AWI-CM-1-1-MR,historical,1998,88.30846381
AWI-CM-1-1-MR,historical,1999,105.78947051
AWI-CM-1-1-MR,historical,2000,134.27539410
AWI-CM-1-1-MR,historical,2001,68.11313141
AWI-CM-1-1-MR,historical,2002,75.70187657
AWI-CM-1-1-MR,historical,2003,115.70494505
AWI-CM-1-1-MR,historical,2004,86.79414135
AWI-CM-1-1-MR,historical,2005,72.32955584
AWI-CM-1-1-MR,historical,2006,92.26740485
AWI-CM-1-1-MR,historical,2007,111.67679178
AWI-CM-1-1-MR,historical,2008,48.82836899
AWI-CM-1-1-MR,historical,2009,96.64523873
AWI-CM-1-1-MR,historical,2010,87.22151895
AWI-CM-1-1-MR,historical,2011,102.40771850
AWI-CM-1-1-MR,historical,2012,47.58511152
AWI-CM-1-1-MR,historical,2013,74.48657410
AWI-CM-1-1-MR,historical,2014,85.56548216
AWI-CM-1-1-MR,ssp126,2015,119.22494571
AWI-CM-1-1-MR,ssp126,2016,98.11788609
AWI-CM-1-1-MR,ssp126,2017,47.43896913
AWI-CM-1-1-MR,ssp126,2018,129.24563690
AWI-CM-1-1-MR,ssp126,2019,77.34040343
AWI-CM-1-1-MR,ssp126,2020,73.82420819
AWI-CM-1-1-MR,ssp126,2021,99.74325129
AWI-CM-1-1-MR,ssp126,2022,93.19022335
AWI-CM-1-1-MR,ssp126,2023,44.87035632
AWI-CM-1-1-MR,ssp126,2024,96.81220468
AWI-CM-1-1-MR,ssp126,2025,95.56255074
AWI-CM-1-1-MR,ssp126,2026,124.70350239
AWI-CM-1-1-MR,ssp126,2027,146.21582336
AWI-CM-1-1-MR,ssp126,2028,57.06063377
AWI-CM-1-1-MR,ssp126,2029,70.76084884
AWI-CM-1-1-MR,ssp126,2030,133.85754924
AWI-CM-1-1-MR,ssp126,2031,113.38492846
AWI-CM-1-1-MR,ssp126,2032,102.77303543
AWI-CM-1-1-MR,ssp126,2033,58.36248204
AWI-CM-1-1-MR,ssp126,2034,70.16662448
AWI-CM-1-1-MR,ssp126,2035,86.21196619
AWI-CM-1-1-MR,ssp126,2036,74.33541562
AWI-CM-1-1-MR,ssp126,2037,55.35778851
AWI-CM-1-1-MR,ssp126,2038,113.84800123
AWI-CM-1-1-MR,ssp126,2039,104.73876906
AWI-CM-1-1-MR,ssp126,2040,100.59289651
AWI-CM-1-1-MR,ssp126,2041,104.54012679
AWI-CM-1-1-MR,ssp126,2042,65.46680572
AWI-CM-1-1-MR,ssp126,2043,43.78214997
AWI-CM-1-1-MR,ssp126,2044,65.17149122
AWI-CM-1-1-MR,ssp126,2045,99.90456933
AWI-CM-1-1-MR,ssp126,2046,97.75651292
AWI-CM-1-1-MR,ssp126,2047,116.48836389
AWI-CM-1-1-MR,ssp126,2048,112.20418767
AWI-CM-1-1-MR,ssp126,2049,103.07816150
AWI-CM-1-1-MR,ssp126,2050,70.33278072
AWI-CM-1-1-MR,ssp126,2051,75.67066466
AWI-CM-1-1-MR,ssp126,2052,40.25744631
AWI-CM-1-1-MR,ssp126,2053,107.89323346
AWI-CM-1-1-MR,ssp126,2054,91.23814981
AWI-CM-1-1-MR,ssp126,2055,86.61168797
AWI-CM-1-1-MR,ssp126,2056,102.52595056
AWI-CM-1-1-MR,ssp126,2057,118.92436728
AWI-CM-1-1-MR,ssp126,2058,108.71499647
AWI-CM-1-1-MR,ssp126,2059,65.70757929
AWI-CM-1-1-MR,ssp126,2060,137.43490075
AWI-CM-1-1-MR,ssp126,2061,59.16172097
AWI-CM-1-1-MR,ssp126,2062,33.53859226
AWI-CM-1-1-MR,ssp126,2063,86.97104733
AWI-CM-1-1-MR,ssp126,2064,43.24103965
AWI-CM-1-1-MR,ssp126,2065,108.58864386
AWI-CM-1-1-MR,ssp126,2066,115.74721532
AWI-CM-1-1-MR,ssp126,2067,75.43099569
AWI-CM-1-1-MR,ssp126,2068,35.17386213
AWI-CM-1-1-MR,ssp126,2069,79.44779595
AWI-CM-1-1-MR,ssp126,2070,135.17090842
AWI-CM-1-1-MR,ssp126,2071,112.67200447
AWI-CM-1-1-MR,ssp126,2072,102.55840101
AWI-CM-1-1-MR,ssp126,2073,53.55888052
AWI-CM-1-1-MR,ssp126,2074,43.46169854
AWI-CM-1-1-MR,ssp126,2075,60.84625794
AWI-CM-1-1-MR,ssp126,2076,94.51876688
AWI-CM-1-1-MR,ssp126,2077,31.96211952
AWI-CM-1-1-MR,ssp126,2078,113.26708364
AWI-CM-1-1-MR,ssp126,2079,58.79705882
AWI-CM-1-1-MR,ssp126,2080,73.91967957
AWI-CM-1-1-MR,ssp126,2081,107.65606008
AWI-CM-1-1-MR,ssp126,2082,89.23108693
AWI-CM-1-1-MR,ssp126,2083,122.39665924
AWI-CM-1-1-MR,ssp126,2084,76.08226770
AWI-CM-1-1-MR,ssp126,2085,68.53715673
AWI-CM-1-1-MR,ssp126,2086,67.26708631
AWI-CM-1-1-MR,ssp126,2087,75.96073858
AWI-CM-1-1-MR,ssp126,2088,60.87865052
AWI-CM-1-1-MR,ssp126,2089,100.31194533
AWI-CM-1-1-MR,ssp126,2090,100.31453716
AWI-CM-1-1-MR,ssp126,2091,59.35468611
AWI-CM-1-1-MR,ssp126,2092,48.15313568
AWI-CM-1-1-MR,ssp126,2093,83.67589277
AWI-CM-1-1-MR,ssp126,2094,44.12708350
AWI-CM-1-1-MR,ssp126,2095,124.39631924
AWI-CM-1-1-MR,ssp126,2096,75.15016462
AWI-CM-1-1-MR,ssp126,2097,98.36237284
AWI-CM-1-1-MR,ssp126,2098,63.08868278
AWI-CM-1-1-MR,ssp126,2099,154.02092588
AWI-CM-1-1-MR,ssp245,2015,90.62115064
AWI-CM-1-1-MR,ssp245,2016,40.17294308
AWI-CM-1-1-MR,ssp245,2017,66.40342661
AWI-CM-1-1-MR,ssp245,2018,112.83166165
AWI-CM-1-1-MR,ssp245,2019,81.10195362
AWI-CM-1-1-MR,ssp245,2020,72.38912402
AWI-CM-1-1-MR,ssp245,2021,99.41263023
AWI-CM-1-1-MR,ssp245,2022,58.10648650
AWI-CM-1-1-MR,ssp245,2023,166.34065292
AWI-CM-1-1-MR,ssp245,2024,71.98056017
AWI-CM-1-1-MR,ssp245,2025,81.78255365
AWI-CM-1-1-MR,ssp245,2026,99.59461762
AWI-CM-1-1-MR,ssp245,2027,119.55582804
AWI-CM-1-1-MR,ssp245,2028,90.20916083
AWI-CM-1-1-MR,ssp245,2029,84.68021765
AWI-CM-1-1-MR,ssp245,2030,50.74732796
AWI-CM-1-1-MR,ssp245,2031,68.86661113
AWI-CM-1-1-MR,ssp245,2032,129.99127471
AWI-CM-1-1-MR,ssp245,2033,101.65814061
AWI-CM-1-1-MR,ssp245,2034,126.65585926
AWI-CM-1-1-MR,ssp245,2035,61.09484027
AWI-CM-1-1-MR,ssp245,2036,36.28592900
AWI-CM-1-1-MR,ssp245,2037,75.33253801
AWI-CM-1-1-MR,ssp245,2038,71.69175867
AWI-CM-1-1-MR,ssp245,2039,16.96574025
AWI-CM-1-1-MR,ssp245,2040,68.32978173
AWI-CM-1-1-MR,ssp245,2041,129.96093726
AWI-CM-1-1-MR,ssp245,2042,82.24331338
AWI-CM-1-1-MR,ssp245,2043,73.18594001
AWI-CM-1-1-MR,ssp245,2044,42.63543409
AWI-CM-1-1-MR,ssp245,2045,151.04138890
AWI-CM-1-1-MR,ssp245,2046,50.16119549
AWI-CM-1-1-MR,ssp245,2047,39.72588809
AWI-CM-1-1-MR,ssp245,2048,76.10569632
AWI-CM-1-1-MR,ssp245,2049,93.12119653
AWI-CM-1-1-MR,ssp245,2050,39.89744728
AWI-CM-1-1-MR,ssp245,2051,164.44383894
AWI-CM-1-1-MR,ssp245,2052,55.96321835
AWI-CM-1-1-MR,ssp245,2053,113.06767723
AWI-CM-1-1-MR,ssp245,2054,116.31464802
AWI-CM-1-1-MR,ssp245,2055,91.08758142
AWI-CM-1-1-MR,ssp245,2056,71.92963784
AWI-CM-1-1-MR,ssp245,2057,95.90094363
AWI-CM-1-1-MR,ssp245,2058,77.91996465
AWI-CM-1-1-MR,ssp245,2059,93.19992894
AWI-CM-1-1-MR,ssp245,2060,50.54409047
AWI-CM-1-1-MR,ssp245,2061,79.64886205
AWI-CM-1-1-MR,ssp245,2062,144.49413823
AWI-CM-1-1-MR,ssp245,2063,79.04460284
AWI-CM-1-1-MR,ssp245,2064,124.14079076
AWI-CM-1-1-MR,ssp245,2065,43.77076348
AWI-CM-1-1-MR,ssp245,2066,69.24189035
AWI-CM-1-1-MR,ssp245,2067,59.54256030
AWI-CM-1-1-MR,ssp245,2068,98.41076143
AWI-CM-1-1-MR,ssp245,2069,77.10425972
AWI-CM-1-1-MR,ssp245,2070,62.97471790
AWI-CM-1-1-MR,ssp245,2071,82.59372929
AWI-CM-1-1-MR,ssp245,2072,99.78251619
AWI-CM-1-1-MR,ssp245,2073,33.27239400
AWI-CM-1-1-MR,ssp245,2074,81.54180008
AWI-CM-1-1-MR,ssp245,2075,58.28204170
AWI-CM-1-1-MR,ssp245,2076,42.62978291
AWI-CM-1-1-MR,ssp245,2077,24.89168361
AWI-CM-1-1-MR,ssp245,2078,80.43306106
AWI-CM-1-1-MR,ssp245,2079,73.84051021
AWI-CM-1-1-MR,ssp245,2080,41.14398543
AWI-CM-1-1-MR,ssp245,2081,167.78955581
AWI-CM-1-1-MR,ssp245,2082,83.30764715
AWI-CM-1-1-MR,ssp245,2083,160.78113916
AWI-CM-1-1-MR,ssp245,2084,47.12651886
AWI-CM-1-1-MR,ssp245,2085,100.27557961
AWI-CM-1-1-MR,ssp245,2086,35.91898790
AWI-CM-1-1-MR,ssp245,2087,80.75182314
AWI-CM-1-1-MR,ssp245,2088,113.20423100
AWI-CM-1-1-MR,ssp245,2089,110.80316616
AWI-CM-1-1-MR,ssp245,2090,73.24555219
AWI-CM-1-1-MR,ssp245,2091,103.42569249
AWI-CM-1-1-MR,ssp245,2092,54.38465471
AWI-CM-1-1-MR,ssp245,2093,59.62603818
AWI-CM-1-1-MR,ssp245,2094,80.25238918
AWI-CM-1-1-MR,ssp245,2095,77.86857933
AWI-CM-1-1-MR,ssp245,2096,131.81108101
AWI-CM-1-1-MR,ssp245,2097,149.73689768
AWI-CM-1-1-MR,ssp245,2098,78.91542801
AWI-CM-1-1-MR,ssp245,2099,89.02381200
AWI-CM-1-1-MR,ssp370,2015,107.41580953
AWI-CM-1-1-MR,ssp370,2016,53.52628291
AWI-CM-1-1-MR,ssp370,2017,87.34902503
AWI-CM-1-1-MR,ssp370,2018,71.17124172
AWI-CM-1-1-MR,ssp370,2019,111.11448343
AWI-CM-1-1-MR,ssp370,2020,45.17405272
AWI-CM-1-1-MR,ssp370,2021,70.70127968
AWI-CM-1-1-MR,ssp370,2022,96.46806717
AWI-CM-1-1-MR,ssp370,2023,77.25038957
AWI-CM-1-1-MR,ssp370,2024,63.99786573
AWI-CM-1-1-MR,ssp370,2025,41.48629402
AWI-CM-1-1-MR,ssp370,2026,46.88915072
AWI-CM-1-1-MR,ssp370,2027,153.28259043
AWI-CM-1-1-MR,ssp370,2028,70.40147889
AWI-CM-1-1-MR,ssp370,2029,36.51093797
AWI-CM-1-1-MR,ssp370,2030,162.21345789
AWI-CM-1-1-MR,ssp370,2031,87.10029460
AWI-CM-1-1-MR,ssp370,2032,46.03599778
AWI-CM-1-1-MR,ssp370,2033,105.16355119
AWI-CM-1-1-MR,ssp370,2034,88.29357708
AWI-CM-1-1-MR,ssp370,2035,70.43065177
AWI-CM-1-1-MR,ssp370,2036,131.07606646
AWI-CM-1-1-MR,ssp370,2037,42.82138807
AWI-CM-1-1-MR,ssp370,2038,35.74523193
AWI-CM-1-1-MR,ssp370,2039,47.35619042
AWI-CM-1-1-MR,ssp370,2040,115.65514784
AWI-CM-1-1-MR,ssp370,2041,76.39960468
AWI-CM-1-1-MR,ssp370,2042,87.01861480
AWI-CM-1-1-MR,ssp370,2043,69.55999102
AWI-CM-1-1-MR,ssp370,2044,85.99771100
AWI-CM-1-1-MR,ssp370,2045,51.01154451
AWI-CM-1-1-MR,ssp370,2046,96.22853633
AWI-CM-1-1-MR,ssp370,2047,80.42330317
AWI-CM-1-1-MR,ssp370,2048,75.27426418
AWI-CM-1-1-MR,ssp370,2049,43.55610018
AWI-CM-1-1-MR,ssp370,2050,52.05406231
AWI-CM-1-1-MR,ssp370,2051,73.99174396
AWI-CM-1-1-MR,ssp370,2052,82.07486291
AWI-CM-1-1-MR,ssp370,2053,106.49210936
AWI-CM-1-1-MR,ssp370,2054,116.60883827
AWI-CM-1-1-MR,ssp370,2055,109.64391123
AWI-CM-1-1-MR,ssp370,2056,118.73912598
AWI-CM-1-1-MR,ssp370,2057,72.61756415
AWI-CM-1-1-MR,ssp370,2058,78.28351521
AWI-CM-1-1-MR,ssp370,2059,62.46262465
AWI-CM-1-1-MR,ssp370,2060,148.56569624
AWI-CM-1-1-MR,ssp370,2061,112.34063499
AWI-CM-1-1-MR,ssp370,2062,117.85505347
AWI-CM-1-1-MR,ssp370,2063,113.96920638
AWI-CM-1-1-MR,ssp370,2064,88.45353363
AWI-CM-1-1-MR,ssp370,2065,75.33196502
AWI-CM-1-1-MR,ssp370,2066,37.98611141
AWI-CM-1-1-MR,ssp370,2067,83.69495189
AWI-CM-1-1-MR,ssp370,2068,59.03564235
AWI-CM-1-1-MR,ssp370,2069,154.54793170
AWI-CM-1-1-MR,ssp370,2070,129.70482550
AWI-CM-1-1-MR,ssp370,2071,81.53436947
AWI-CM-1-1-MR,ssp370,2072,122.29515846
AWI-CM-1-1-MR,ssp370,2073,82.35465690
AWI-CM-1-1-MR,ssp370,2074,121.24747983
AWI-CM-1-1-MR,ssp370,2075,87.67503134
AWI-CM-1-1-MR,ssp370,2076,54.46696307
AWI-CM-1-1-MR,ssp370,2077,58.36865650
AWI-CM-1-1-MR,ssp370,2078,100.00381182
AWI-CM-1-1-MR,ssp370,2079,100.01819995
AWI-CM-1-1-MR,ssp370,2080,129.62539856
AWI-CM-1-1-MR,ssp370,2081,108.97366886
AWI-CM-1-1-MR,ssp370,2082,45.56038146
AWI-CM-1-1-MR,ssp370,2083,88.37463615
AWI-CM-1-1-MR,ssp370,2084,141.95228976
AWI-CM-1-1-MR,ssp370,2085,45.54077639
AWI-CM-1-1-MR,ssp370,2086,123.31814099
AWI-CM-1-1-MR,ssp370,2087,194.81781982
AWI-CM-1-1-MR,ssp370,2088,53.34328451
AWI-CM-1-1-MR,ssp370,2089,71.93882816
AWI-CM-1-1-MR,ssp370,2090,85.11418239
AWI-CM-1-1-MR,ssp370,2091,45.88528745
AWI-CM-1-1-MR,ssp370,2092,77.24167125
AWI-CM-1-1-MR,ssp370,2093,84.43263551
AWI-CM-1-1-MR,ssp370,2094,54.22706819
AWI-CM-1-1-MR,ssp370,2095,109.84894858
AWI-CM-1-1-MR,ssp370,2096,25.55565661
AWI-CM-1-1-MR,ssp370,2097,87.49242512
AWI-CM-1-1-MR,ssp370,2098,119.11352962
AWI-CM-1-1-MR,ssp370,2099,78.99185907
AWI-CM-1-1-MR,ssp585,2015,69.75486308
AWI-CM-1-1-MR,ssp585,2016,36.65937763
AWI-CM-1-1-MR,ssp585,2017,81.39943638
AWI-CM-1-1-MR,ssp585,2018,77.00048545
AWI-CM-1-1-MR,ssp585,2019,50.12969076
AWI-CM-1-1-MR,ssp585,2020,73.98284519
AWI-CM-1-1-MR,ssp585,2021,96.37119598
AWI-CM-1-1-MR,ssp585,2022,27.58374715
AWI-CM-1-1-MR,ssp585,2023,102.88353416
AWI-CM-1-1-MR,ssp585,2024,92.05667346
AWI-CM-1-1-MR,ssp585,2025,87.61792160
AWI-CM-1-1-MR,ssp585,2026,73.35767876
AWI-CM-1-1-MR,ssp585,2027,57.46056858
AWI-CM-1-1-MR,ssp585,2028,93.82229448
AWI-CM-1-1-MR,ssp585,2029,65.36269025
AWI-CM-1-1-MR,ssp585,2030,77.29302531
AWI-CM-1-1-MR,ssp585,2031,160.47671480
AWI-CM-1-1-MR,ssp585,2032,61.68462951
AWI-CM-1-1-MR,ssp585,2033,94.69814922
AWI-CM-1-1-MR,ssp585,2034,87.87125939
AWI-CM-1-1-MR,ssp585,2035,63.82574722
AWI-CM-1-1-MR,ssp585,2036,63.86640546
AWI-CM-1-1-MR,ssp585,2037,84.20422977
AWI-CM-1-1-MR,ssp585,2038,84.49157836
AWI-CM-1-1-MR,ssp585,2039,107.30713244
AWI-CM-1-1-MR,ssp585,2040,88.26322762
AWI-CM-1-1-MR,ssp585,2041,130.09381867
AWI-CM-1-1-MR,ssp585,2042,38.71555832
AWI-CM-1-1-MR,ssp585,2043,98.90017858
AWI-CM-1-1-MR,ssp585,2044,112.27177332
AWI-CM-1-1-MR,ssp585,2045,85.95791308
AWI-CM-1-1-MR,ssp585,2046,103.88424619
AWI-CM-1-1-MR,ssp585,2047,12.39103995
AWI-CM-1-1-MR,ssp585,2048,94.10449559
AWI-CM-1-1-MR,ssp585,2049,38.72362913
AWI-CM-1-1-MR,ssp585,2050,37.09475318
AWI-CM-1-1-MR,ssp585,2051,87.97424752
AWI-CM-1-1-MR,ssp585,2052,120.21274432
AWI-CM-1-1-MR,ssp585,2053,67.18574834
AWI-CM-1-1-MR,ssp585,2054,93.71096963
AWI-CM-1-1-MR,ssp585,2055,87.45005736
AWI-CM-1-1-MR,ssp585,2056,108.84929111
AWI-CM-1-1-MR,ssp585,2057,77.56234881
AWI-CM-1-1-MR,ssp585,2058,66.41932640
AWI-CM-1-1-MR,ssp585,2059,119.44181768
AWI-CM-1-1-MR,ssp585,2060,134.69445620
AWI-CM-1-1-MR,ssp585,2061,85.71114312
AWI-CM-1-1-MR,ssp585,2062,105.03037324
AWI-CM-1-1-MR,ssp585,2063,71.77058080
AWI-CM-1-1-MR,ssp585,2064,93.53080307
AWI-CM-1-1-MR,ssp585,2065,53.53710709
AWI-CM-1-1-MR,ssp585,2066,110.04158661
AWI-CM-1-1-MR,ssp585,2067,165.54998202
AWI-CM-1-1-MR,ssp585,2068,49.82380529
AWI-CM-1-1-MR,ssp585,2069,96.26502306
AWI-CM-1-1-MR,ssp585,2070,128.27425160
AWI-CM-1-1-MR,ssp585,2071,49.86703537
AWI-CM-1-1-MR,ssp585,2072,85.75127817
AWI-CM-1-1-MR,ssp585,2073,82.21869218
AWI-CM-1-1-MR,ssp585,2074,86.14093047
AWI-CM-1-1-MR,ssp585,2075,82.63489658
AWI-CM-1-1-MR,ssp585,2076,141.52371235
AWI-CM-1-1-MR,ssp585,2077,116.35506126
AWI-CM-1-1-MR,ssp585,2078,89.66233502
AWI-CM-1-1-MR,ssp585,2079,31.14452055
AWI-CM-1-1-MR,ssp585,2080,92.77424789
AWI-CM-1-1-MR,ssp585,2081,46.50433603
AWI-CM-1-1-MR,ssp585,2082,119.04882875
AWI-CM-1-1-MR,ssp585,2083,176.66282443
AWI-CM-1-1-MR,ssp585,2084,31.18158418
AWI-CM-1-1-MR,ssp585,2085,124.30667828
AWI-CM-1-1-MR,ssp585,2086,134.49682863
AWI-CM-1-1-MR,ssp585,2087,85.46825687
AWI-CM-1-1-MR,ssp585,2088,57.93372531
AWI-CM-1-1-MR,ssp585,2089,106.32026138
AWI-CM-1-1-MR,ssp585,2090,112.35976139
AWI-CM-1-1-MR,ssp585,2091,181.73946182
AWI-CM-1-1-MR,ssp585,2092,96.35805293
AWI-CM-1-1-MR,ssp585,2093,66.79119771
AWI-CM-1-1-MR,ssp585,2094,85.65947214
AWI-CM-1-1-MR,ssp585,2095,151.49226875
AWI-CM-1-1-MR,ssp585,2096,109.71332306
AWI-CM-1-1-MR,ssp585,2097,108.61036413
AWI-CM-1-1-MR,ssp585,2098,126.75992594
AWI-CM-1-1-MR,ssp585,2099,67.22454869
CNRM-CM6-1,historical,1960,97.98654579
CNRM-CM6-1,historical,1961,85.92579555
CNRM-CM6-1,historical,1962,12.75952656
CNRM-CM6-1,historical,1963,107.84013258
CNRM-CM6-1,historical,1964,75.67348836
CNRM-CM6-1,historical,1965,95.88069731
CNRM-CM6-1,historical,1966,112.02314552
CNRM-CM6-1,historical,1967,67.69230708
CNRM-CM6-1,historical,1968,70.25289017
CNRM-CM6-1,historical,1969,138.90048711
CNRM-CM6-1,historical,1970,31.52335493
CNRM-CM6-1,historical,1971,49.54565996
CNRM-CM6-1,historical,1972,95.02241115
CNRM-CM6-1,historical,1973,132.25839093
CNRM-CM6-1,historical,1974,7.87476323
CNRM-CM6-1,historical,1975,52.42323970
CNRM-CM6-1,historical,1976,62.99445894
CNRM-CM6-1,historical,1977,65.96434198
CNRM-CM6-1,historical,1978,78.26333717
CNRM-CM6-1,historical,1979,70.18351569
CNRM-CM6-1,historical,1980,57.41725712
CNRM-CM6-1,historical,1981,52.91973712
CNRM-CM6-1,historical,1982,53.34223826
CNRM-CM6-1,historical,1983,114.13531473
CNRM-CM6-1,historical,1984,94.28402093
CNRM-CM6-1,historical,1985,71.40895797
CNRM-CM6-1,historical,1986,76.39829756
CNRM-CM6-1,historical,1987,50.44302968
CNRM-CM6-1,historical,1988,79.45792783
CNRM-CM6-1,historical,1989,34.90704318
CNRM-CM6-1,historical,1990,58.74423263
CNRM-CM6-1,historical,1991,79.58532694
CNRM-CM6-1,historical,1992,105.89168404
CNRM-CM6-1,historical,1993,91.03227367
CNRM-CM6-1,historical,1994,89.31476514
CNRM-CM6-1,historical,1995,50.36195101
CNRM-CM6-1,historical,1996,81.57048458
CNRM-CM6-1,historical,1997,98.10624541
CNRM-CM6-1,historical,1998,127.46014682
CNRM-CM6-1,historical,1999,73.37337350
CNRM-CM6-1,historical,2000,48.76544653
CNRM-CM6-1,historical,2001,94.08640629
CNRM-CM6-1,historical,2002,75.63688458
CNRM-CM6-1,historical,2003,133.29614007
CNRM-CM6-1,historical,2004,79.14929094
CNRM-CM6-1,historical,2005,87.09305182
CNRM-CM6-1,historical,2006,138.25229797
CNRM-CM6-1,historical,2007,98.75934371
CNRM-CM6-1,historical,2008,128.78767123
CNRM-CM6-1,historical,2009,76.38941092
CNRM-CM6-1,historical,2010,117.86465951
CNRM-CM6-1,historical,2011,91.10707786
CNRM-CM6-1,historical,2012,103.76478438
CNRM-CM6-1,historical,2013,92.29046492
CNRM-CM6-1,historical,2014,43.68400050
CNRM-CM6-1,ssp126,2015,83.87649465
CNRM-CM6-1,ssp126,2016,99.26538728
CNRM-CM6-1,ssp126,2017,66.46886448
CNRM-CM6-1,ssp126,2018,51.05169303
CNRM-CM6-1,ssp126,2019,87.03221240
CNRM-CM6-1,ssp126,2020,129.88667117
CNRM-CM6-1,ssp126,2021,60.25840787
CNRM-CM6-1,ssp126,2022,89.08268407
CNRM-CM6-1,ssp126,2023,90.99675683
CNRM-CM6-1,ssp126,2024,62.89736211
CNRM-CM6-1,ssp126,2025,97.06031367
CNRM-CM6-1,ssp126,2026,101.34956612
CNRM-CM6-1,ssp126,2027,72.58550963
CNRM-CM6-1,ssp126,2028,54.51539825
CNRM-CM6-1,ssp126,2029,63.81935063
CNRM-CM6-1,ssp126,2030,34.86867688
CNRM-CM6-1,ssp126,2031,83.87891436
CNRM-CM6-1,ssp126,2032,97.14465584
CNRM-CM6-1,ssp126,2033,69.85911760
CNRM-CM6-1,ssp126,2034,183.12020115
CNRM-CM6-1,ssp126,2035,74.78447911
CNRM-CM6-1,ssp126,2036,88.90475080
CNRM-CM6-1,ssp126,2037,84.15751516
CNRM-CM6-1,ssp126,2038,98.02985174
CNRM-CM6-1,ssp126,2039,116.26379888
CNRM-CM6-1,ssp126,2040,100.17717548
CNRM-CM6-1,ssp126,2041,48.87966693
CNRM-CM6-1,ssp126,2042,80.05557248
CNRM-CM6-1,ssp126,2043,109.59440621
CNRM-CM6-1,ssp126,2044,37.22162920
CNRM-CM6-1,ssp126,2045,95.35246802
CNRM-CM6-1,ssp126,2046,110.13892637
CNRM-CM6-1,ssp126,2047,82.58679297
CNRM-CM6-1,ssp126,2048,100.48848804
CNRM-CM6-1,ssp126,2049,38.93426449
CNRM-CM6-1,ssp126,2050,90.03346659
CNRM-CM6-1,ssp126,2051,108.12355628
CNRM-CM6-1,ssp126,2052,108.39553073
CNRM-CM6-1,ssp126,2053,71.03528947
CNRM-CM6-1,ssp126,2054,134.31464953
CNRM-CM6-1,ssp126,2055,63.25583788
CNRM-CM6-1,ssp126,2056,59.20407376
CNRM-CM6-1,ssp126,2057,94.14120157
CNRM-CM6-1,ssp126,2058,67.84846381
CNRM-CM6-1,ssp126,2059,93.95720004
CNRM-CM6-1,ssp126,2060,74.98824485
CNRM-CM6-1,ssp126,2061,101.95022858
CNRM-CM6-1,ssp126,2062,56.05340275
CNRM-CM6-1,ssp126,2063,91.56601982
CNRM-CM6-1,ssp126,2064,67.35139615
CNRM-CM6-1,ssp126,2065,76.28296963
CNRM-CM6-1,ssp126,2066,94.45149382
CNRM-CM6-1,ssp126,2067,54.60625288
CNRM-CM6-1,ssp126,2068,75.18223835
CNRM-CM6-1,ssp126,2069,123.54904063
CNRM-CM6-1,ssp126,2070,92.64554326
CNRM-CM6-1,ssp126,2071,71.21085554
CNRM-CM6-1,ssp126,2072,60.36444336
CNRM-CM6-1,ssp126,2073,78.01777182
CNRM-CM6-1,ssp126,2074,97.96118561
CNRM-CM6-1,ssp126,2075,101.97209871
CNRM-CM6-1,ssp126,2076,60.45257539
CNRM-CM6-1,ssp126,2077,38.68947344
CNRM-CM6-1,ssp126,2078,147.03404833
CNRM-CM6-1,ssp126,2079,117.15995830
CNRM-CM6-1,ssp126,2080,126.82102047
CNRM-CM6-1,ssp126,2081,130.91837988
CNRM-CM6-1,ssp126,2082,132.42034640
CNRM-CM6-1,ssp126,2083,82.43940599
CNRM-CM6-1,ssp126,2084,109.74441173
CNRM-CM6-1,ssp126,2085,75.58923366
CNRM-CM6-1,ssp126,2086,96.00747772
CNRM-CM6-1,ssp126,2087,71.05293052
CNRM-CM6-1,ssp126,2088,24.13651756
CNRM-CM6-1,ssp126,2089,83.43251225
CNRM-CM6-1,ssp126,2090,147.02950171
CNRM-CM6-1,ssp126,2091,147.82074136
CNRM-CM6-1,ssp126,2092,89.17895396
CNRM-CM6-1,ssp126,2093,84.45338296
CNRM-CM6-1,ssp126,2094,84.28543743
CNRM-CM6-1,ssp126,2095,94.63471565
CNRM-CM6-1,ssp126,2096,108.90026148
CNRM-CM6-1,ssp126,2097,77.46881010
CNRM-CM6-1,ssp126,2098,69.23258126
CNRM-CM6-1,ssp126,2099,101.74285099
CNRM-CM6-1,ssp245,2015,106.42384693
CNRM-CM6-1,ssp245,2016,95.98154863
CNRM-CM6-1,ssp245,2017,89.21410354
CNRM-CM6-1,ssp245,2018,142.04073719
CNRM-CM6-1,ssp245,2019,32.96131933
CNRM-CM6-1,ssp245,2020,36.64986514
CNRM-CM6-1,ssp245,2021,59.35695245
CNRM-CM6-1,ssp245,2022,121.42852666
CNRM-CM6-1,ssp245,2023,80.84421913
CNRM-CM6-1,ssp245,2024,68.61720909
CNRM-CM6-1,ssp245,2025,75.63499040
CNRM-CM6-1,ssp245,2026,107.53453484
CNRM-CM6-1,ssp245,2027,107.07124718
CNRM-CM6-1,ssp245,2028,111.50786374
CNRM-CM6-1,ssp245,2029,70.16341847
CNRM-CM6-1,ssp245,2030,73.87927574
CNRM-CM6-1,ssp245,2031,72.19301020
CNRM-CM6-1,ssp245,2032,95.03681940
CNRM-CM6-1,ssp245,2033,77.99654234
CNRM-CM6-1,ssp245,2034,79.85758753
CNRM-CM6-1,ssp245,2035,115.40306443
CNRM-CM6-1,ssp245,2036,95.87697146
CNRM-CM6-1,ssp245,2037,94.19374016
CNRM-CM6-1,ssp245,2038,55.43575269
CNRM-CM6-1,ssp245,2039,160.29208614
CNRM-CM6-1,ssp245,2040,46.70053918
CNRM-CM6-1,ssp245,2041,54.91416022
CNRM-CM6-1,ssp245,2042,48.90781906
CNRM-CM6-1,ssp245,2043,60.74042442
CNRM-CM6-1,ssp245,2044,88.02106425
CNRM-CM6-1,ssp245,2045,90.52509269
CNRM-CM6-1,ssp245,2046,96.73315012
CNRM-CM6-1,ssp245,2047,38.97238774
CNRM-CM6-1,ssp245,2048,97.16281534
CNRM-CM6-1,ssp245,2049,82.18311839
CNRM-CM6-1,ssp245,2050,98.23738675
CNRM-CM6-1,ssp245,2051,58.18923181
CNRM-CM6-1,ssp245,2052,78.35948664
CNRM-CM6-1,ssp245,2053,101.15423092
CNRM-CM6-1,ssp245,2054,36.23934925
CNRM-CM6-1,ssp245,2055,40.11528667
CNRM-CM6-1,ssp245,2056,99.83732527
CNRM-CM6-1,ssp245,2057,67.01049492
CNRM-CM6-1,ssp245,2058,86.70451046
CNRM-CM6-1,ssp245,2059,54.96447916
CNRM-CM6-1,ssp245,2060,111.82068092
CNRM-CM6-1,ssp245,2061,44.15530479
CNRM-CM6-1,ssp245,2062,99.67497128
CNRM-CM6-1,ssp245,2063,110.75151570
CNRM-CM6-1,ssp245,2064,67.31133183
CNRM-CM6-1,ssp245,2065,131.74108849
CNRM-CM6-1,ssp245,2066,115.87547314
CNRM-CM6-1,ssp245,2067,76.19145469
CNRM-CM6-1,ssp245,2068,86.09279645
CNRM-CM6-1,ssp245,2069,89.19732675
CNRM-CM6-1,ssp245,2070,43.63082350
CNRM-CM6-1,ssp245,2071,136.67533489
CNRM-CM6-1,ssp245,2072,75.31555165
CNRM-CM6-1,ssp245,2073,67.36978447
CNRM-CM6-1,ssp245,2074,71.63956494
CNRM-CM6-1,ssp245,2075,49.57695440
CNRM-CM6-1,ssp245,2076,46.22082892
CNRM-CM6-1,ssp245,2077,158.46655427
CNRM-CM6-1,ssp245,2078,59.43181042
CNRM-CM6-1,ssp245,2079,120.42135698
CNRM-CM6-1,ssp245,2080,38.26286283
CNRM-CM6-1,ssp245,2081,129.70420263
CNRM-CM6-1,ssp245,2082,74.94234245
CNRM-CM6-1,ssp245,2083,85.44451967
CNRM-CM6-1,ssp245,2084,85.10287165
CNRM-CM6-1,ssp245,2085,77.71792035
CNRM-CM6-1,ssp245,2086,77.12835124
CNRM-CM6-1,ssp245,2087,142.34815263
CNRM-CM6-1,ssp245,2088,100.92852458
CNRM-CM6-1,ssp245,2089,131.20501725
CNRM-CM6-1,ssp245,2090,31.30854240
CNRM-CM6-1,ssp245,2091,78.67224087
CNRM-CM6-1,ssp245,2092,128.11478156
CNRM-CM6-1,ssp245,2093,85.47058820
CNRM-CM6-1,ssp245,2094,156.65185745
CNRM-CM6-1,ssp245,2095,117.01329991
CNRM-CM6-1,ssp245,2096,106.27321462
CNRM-CM6-1,ssp245,2097,79.41201159
CNRM-CM6-1,ssp245,2098,51.69815901
CNRM-CM6-1,ssp245,2099,97.02758059
CNRM-CM6-1,ssp370,2015,95.87195993
CNRM-CM6-1,ssp370,2016,55.28334747
CNRM-CM6-1,ssp370,2017,77.40684566
CNRM-CM6-1,ssp370,2018,114.04891443
CNRM-CM6-1,ssp370,2019,73.50720812
CNRM-CM6-1,ssp370,2020,39.06916905
CNRM-CM6-1,ssp370,2021,60.05199716
CNRM-CM6-1,ssp370,2022,120.55798666
CNRM-CM6-1,ssp370,2023,49.28488583
CNRM-CM6-1,ssp370,2024,65.04899686
CNRM-CM6-1,ssp370,2025,51.76131570
CNRM-CM6-1,ssp370,2026,77.36029116
CNRM-CM6-1,ssp370,2027,38.18064240
CNRM-CM6-1,ssp370,2028,72.19174558
CNRM-CM6-1,ssp370,2029,68.66677903
CNRM-CM6-1,ssp370,2030,84.90678953
CNRM-CM6-1,ssp370,2031,123.56047288
CNRM-CM6-1,ssp370,2032,90.71057055
CNRM-CM6-1,ssp370,2033,89.18356333
CNRM-CM6-1,ssp370,2034,119.41992638
CNRM-CM6-1,ssp370,2035,139.01988985
CNRM-CM6-1,ssp370,2036,58.24039839
CNRM-CM6-1,ssp370,2037,73.00572419
CNRM-CM6-1,ssp370,2038,37.39911677
CNRM-CM6-1,ssp370,2039,81.29329412
CNRM-CM6-1,ssp370,2040,115.95055694
CNRM-CM6-1,ssp370,2041,98.68633443
CNRM-CM6-1,ssp370,2042,59.60743253
CNRM-CM6-1,ssp370,2043,106.62367549
CNRM-CM6-1,ssp370,2044,73.14470575
CNRM-CM6-1,ssp370,2045,91.98915006
CNRM-CM6-1,ssp370,2046,32.83785363
CNRM-CM6-1,ssp370,2047,33.64767867
CNRM-CM6-1,ssp370,2048,68.27793537
CNRM-CM6-1,ssp370,2049,115.99860677
CNRM-CM6-1,ssp370,2050,68.54487276
CNRM-CM6-1,ssp370,2051,57.13954354
CNRM-CM6-1,ssp370,2052,55.37689415
CNRM-CM6-1,ssp370,2053,129.35358377
CNRM-CM6-1,ssp370,2054,121.11297357
CNRM-CM6-1,ssp370,2055,56.71039113
CNRM-CM6-1,ssp370,2056,83.03933538
CNRM-CM6-1,ssp370,2057,119.32485211
CNRM-CM6-1,ssp370,2058,89.53065071
CNRM-CM6-1,ssp370,2059,117.14685092
CNRM-CM6-1,ssp370,2060,104.41725712
CNRM-CM6-1,ssp370,2061,124.53759446
CNRM-CM6-1,ssp370,2062,111.68163472
CNRM-CM6-1,ssp370,2063,115.48724926
CNRM-CM6-1,ssp370,2064,102.77276042
CNRM-CM6-1,ssp370,2065,59.74728115
CNRM-CM6-1,ssp370,2066,106.03921420
CNRM-CM6-1,ssp370,2067,147.06426957
CNRM-CM6-1,ssp370,2068,114.20668270
CNRM-CM6-1,ssp370,2069,53.26030131
CNRM-CM6-1,ssp370,2070,54.38470969
CNRM-CM6-1,ssp370,2071,38.47290842
CNRM-CM6-1,ssp370,2072,70.29561869
CNRM-CM6-1,ssp370,2073,69.39672312
CNRM-CM6-1,ssp370,2074,39.00603079
CNRM-CM6-1,ssp370,2075,96.39940541
CNRM-CM6-1,ssp370,2076,89.76237164
CNRM-CM6-1,ssp370,2077,68.01228588
CNRM-CM6-1,ssp370,2078,83.54853891
CNRM-CM6-1,ssp370,2079,98.16691557
CNRM-CM6-1,ssp370,2080,65.59250771
CNRM-CM6-1,ssp370,2081,70.34813662
CNRM-CM6-1,ssp370,2082,129.29532282
CNRM-CM6-1,ssp370,2083,99.07343397
CNRM-CM6-1,ssp370,2084,112.44577295
CNRM-CM6-1,ssp370,2085,154.44498937
CNRM-CM6-1,ssp370,2086,25.43455876
CNRM-CM6-1,ssp370,2087,107.72646029
CNRM-CM6-1,ssp370,2088,66.27540008
CNRM-CM6-1,ssp370,2089,83.12616270
CNRM-CM6-1,ssp370,2090,147.76730237
CNRM-CM6-1,ssp370,2091,89.51425435
CNRM-CM6-1,ssp370,2092,84.02809002
CNRM-CM6-1,ssp370,2093,28.57757719
CNRM-CM6-1,ssp370,2094,147.97393207
CNRM-CM6-1,ssp370,2095,81.92205310
CNRM-CM6-1,ssp370,2096,188.10035111
CNRM-CM6-1,ssp370,2097,88.79469536
CNRM-CM6-1,ssp370,2098,97.45181695
CNRM-CM6-1,ssp370,2099,78.45782809
CNRM-CM6-1,ssp585,2015,90.63740699
CNRM-CM6-1,ssp585,2016,70.97851955
CNRM-CM6-1,ssp585,2017,29.31058019
CNRM-CM6-1,ssp585,2018,35.71885137
CNRM-CM6-1,ssp585,2019,78.80323196
CNRM-CM6-1,ssp585,2020,50.18505193
CNRM-CM6-1,ssp585,2021,77.68334176
CNRM-CM6-1,ssp585,2022,76.20449071
CNRM-CM6-1,ssp585,2023,67.65008137
CNRM-CM6-1,ssp585,2024,82.76300744
CNRM-CM6-1,ssp585,2025,105.45351498
CNRM-CM6-1,ssp585,2026,54.50754573
CNRM-CM6-1,ssp585,2027,74.19693886
CNRM-CM6-1,ssp585,2028,106.27480912
CNRM-CM6-1,ssp585,2029,94.64486747
CNRM-CM6-1,ssp585,2030,78.51909842
CNRM-CM6-1,ssp585,2031,79.74273110
CNRM-CM6-1,ssp585,2032,102.24235944
CNRM-CM6-1,ssp585,2033,7.21050619
CNRM-CM6-1,ssp585,2034,53.71591532
CNRM-CM6-1,ssp585,2035,53.95003618
CNRM-CM6-1,ssp585,2036,50.31085875
CNRM-CM6-1,ssp585,2037,60.18152863
CNRM-CM6-1,ssp585,2038,136.10304465
CNRM-CM6-1,ssp585,2039,114.72595368
CNRM-CM6-1,ssp585,2040,101.61424966
CNRM-CM6-1,ssp585,2041,88.39251749
CNRM-CM6-1,ssp585,2042,114.84705438
CNRM-CM6-1,ssp585,2043,91.84143641
CNRM-CM6-1,ssp585,2044,96.90011125
CNRM-CM6-1,ssp585,2045,139.16283004
CNRM-CM6-1,ssp585,2046,116.53917566
CNRM-CM6-1,ssp585,2047,133.55480824
CNRM-CM6-1,ssp585,2048,73.72127777
CNRM-CM6-1,ssp585,2049,59.47839152
CNRM-CM6-1,ssp585,2050,75.34131540
CNRM-CM6-1,ssp585,2051,88.44950223
CNRM-CM6-1,ssp585,2052,49.72338672
CNRM-CM6-1,ssp585,2053,111.18478646
CNRM-CM6-1,ssp585,2054,49.20603857
CNRM-CM6-1,ssp585,2055,55.95434831
CNRM-CM6-1,ssp585,2056,81.32772450
CNRM-CM6-1,ssp585,2057,101.87670084
CNRM-CM6-1,ssp585,2058,178.87194269
CNRM-CM6-1,ssp585,2059,36.07934788
CNRM-CM6-1,ssp585,2060,101.74345601
CNRM-CM6-1,ssp585,2061,90.87787251
CNRM-CM6-1,ssp585,2062,75.25060971
CNRM-CM6-1,ssp585,2063,76.82351487
CNRM-CM6-1,ssp585,2064,63.83475549
CNRM-CM6-1,ssp585,2065,175.53043934
CNRM-CM6-1,ssp585,2066,74.98608817
CNRM-CM6-1,ssp585,2067,127.78243350
CNRM-CM6-1,ssp585,2068,83.49493315
CNRM-CM6-1,ssp585,2069,38.46194649
CNRM-CM6-1,ssp585,2070,117.26827746
CNRM-CM6-1,ssp585,2071,118.26130253
CNRM-CM6-1,ssp585,2072,83.01821937
CNRM-CM6-1,ssp585,2073,46.04698479
CNRM-CM6-1,ssp585,2074,45.16691983
CNRM-CM6-1,ssp585,2075,76.03631611
CNRM-CM6-1,ssp585,2076,179.41563131
CNRM-CM6-1,ssp585,2077,177.61865620
CNRM-CM6-1,ssp585,2078,104.07852843
CNRM-CM6-1,ssp585,2079,58.95027479
CNRM-CM6-1,ssp585,2080,45.86473976
CNRM-CM6-1,ssp585,2081,144.41664133
CNRM-CM6-1,ssp585,2082,109.73781612
CNRM-CM6-1,ssp585,2083,59.65609551
CNRM-CM6-1,ssp585,2084,25.81756269
CNRM-CM6-1,ssp585,2085,119.08174769
CNRM-CM6-1,ssp585,2086,101.27814792
CNRM-CM6-1,ssp585,2087,88.07191605
CNRM-CM6-1,ssp585,2088,80.53007106
CNRM-CM6-1,ssp585,2089,132.56891738
CNRM-CM6-1,ssp585,2090,140.91038559
CNRM-CM6-1,ssp585,2091,123.74250107
CNRM-CM6-1,ssp585,2092,90.66769249
CNRM-CM6-1,ssp585,2093,61.85079340
CNRM-CM6-1,ssp585,2094,91.06664302
CNRM-CM6-1,ssp585,2095,123.56420585
CNRM-CM6-1,ssp585,2096,107.04638980
CNRM-CM6-1,ssp585,2097,122.35165586
CNRM-CM6-1,ssp585,2098,69.69547959
CNRM-CM6-1,ssp585,2099,54.52817257
EC-Earth3,historical,1960,47.19468347
EC-Earth3,historical,1961,117.72222715
EC-Earth3,historical,1962,47.20559250
EC-Earth3,historical,1963,58.11358476
EC-Earth3,historical,1964,78.08617036
EC-Earth3,historical,1965,82.21387940
EC-Earth3,historical,1966,96.17538195
EC-Earth3,historical,1967,84.64368623
EC-Earth3,historical,1968,55.34686550
EC-Earth3,historical,1969,89.34219909
EC-Earth3,historical,1970,48.50133901
EC-Earth3,historical,1971,74.17066558
EC-Earth3,historical,1972,68.52067897
EC-Earth3,historical,1973,70.99226403
EC-Earth3,historical,1974,61.43231745
EC-Earth3,historical,1975,48.43871571
EC-Earth3,historical,1976,67.66695403
EC-Earth3,historical,1977,70.18929865
EC-Earth3,historical,1978,98.55865175
EC-Earth3,historical,1979,38.17776313
EC-Earth3,historical,1980,37.10073505
EC-Earth3,historical,1981,35.90254913
EC-Earth3,historical,1982,115.96420856
EC-Earth3,historical,1983,95.78645129
EC-Earth3,historical,1984,90.23145809
EC-Earth3,historical,1985,33.97837971
EC-Earth3,historical,1986,122.16071025
EC-Earth3,historical,1987,103.32223857
EC-Earth3,historical,1988,73.92524125
EC-Earth3,historical,1989,75.12232890
EC-Earth3,historical,1990,167.11053909
EC-Earth3,historical,1991,96.35175128
EC-Earth3,historical,1992,91.27191291
EC-Earth3,historical,1993,29.00658424
EC-Earth3,historical,1994,114.43598005
EC-Earth3,historical,1995,41.19081199
EC-Earth3,historical,1996,89.38992411
EC-Earth3,historical,1997,97.41570876
EC-Earth3,historical,1998,78.69538698
EC-Earth3,historical,1999,77.41221672
EC-Earth3,historical,2000,38.33732842
EC-Earth3,historical,2001,70.70903715
EC-Earth3,historical,2002,25.64748590
EC-Earth3,historical,2003,94.29680897
EC-Earth3,historical,2004,108.26561787
EC-Earth3,historical,2005,51.40780069
EC-Earth3,historical,2006,84.28904016
EC-Earth3,historical,2007,192.93592863
EC-Earth3,historical,2008,99.80011681
EC-Earth3,historical,2009,81.75905559
EC-Earth3,historical,2010,85.47463021
EC-Earth3,historical,2011,11.98554929
EC-Earth3,historical,2012,91.64690309
EC-Earth3,historical,2013,72.93545325
EC-Earth3,historical,2014,100.14117424
EC-Earth3,ssp126,2015,49.07469410
EC-Earth3,ssp126,2016,96.21814561
EC-Earth3,ssp126,2017,106.99249653
EC-Earth3,ssp126,2018,96.82708680
EC-Earth3,ssp126,2019,47.02801797
EC-Earth3,ssp126,2020,119.35827550
EC-Earth3,ssp126,2021,82.29974599
EC-Earth3,ssp126,2022,37.35308192
EC-Earth3,ssp126,2023,126.09618286
EC-Earth3,ssp126,2024,41.75741464
EC-Earth3,ssp126,2025,101.24878527
EC-Earth3,ssp126,2026,82.05157780
EC-Earth3,ssp126,2027,100.15797114
EC-Earth3,ssp126,2028,30.08302353
EC-Earth3,ssp126,2029,32.01066221
EC-Earth3,ssp126,2030,151.07655672
EC-Earth3,ssp126,2031,53.24026576
EC-Earth3,ssp126,2032,67.83673437
EC-Earth3,ssp126,2033,66.51568575
EC-Earth3,ssp126,2034,60.67582960
EC-Earth3,ssp126,2035,32.54687869
EC-Earth3,ssp126,2036,128.86154564
EC-Earth3,ssp126,2037,99.14775259
EC-Earth3,ssp126,2038,89.43367210
EC-Earth3,ssp126,2039,53.99004877
EC-Earth3,ssp126,2040,121.78930434
EC-Earth3,ssp126,2041,76.34807899
EC-Earth3,ssp126,2042,148.27177635
EC-Earth3,ssp126,2043,70.43526444
EC-Earth3,ssp126,2044,60.32814469
EC-Earth3,ssp126,2045,113.45989399
EC-Earth3,ssp126,2046,118.11035123
EC-Earth3,ssp126,2047,60.70322886
EC-Earth3,ssp126,2048,73.89225840
EC-Earth3,ssp126,2049,94.20435994
EC-Earth3,ssp126,2050,123.71251968
EC-Earth3,ssp126,2051,162.13322114
EC-Earth3,ssp126,2052,111.00168929
EC-Earth3,ssp126,2053,134.20477625
EC-Earth3,ssp126,2054,35.76797735
EC-Earth3,ssp126,2055,89.42454434
EC-Earth3,ssp126,2056,31.61819489
EC-Earth3,ssp126,2057,78.25873422
EC-Earth3,ssp126,2058,55.43677636
EC-Earth3,ssp126,2059,140.23346732
EC-Earth3,ssp126,2060,53.47950294
EC-Earth3,ssp126,2061,47.49374195
EC-Earth3,ssp126,2062,123.69751562
EC-Earth3,ssp126,2063,148.62085311
EC-Earth3,ssp126,2064,68.53402315
EC-Earth3,ssp126,2065,86.63470866
EC-Earth3,ssp126,2066,105.28450465
EC-Earth3,ssp126,2067,68.07259164
EC-Earth3,ssp126,2068,105.36975324
EC-Earth3,ssp126,2069,71.66149133
EC-Earth3,ssp126,2070,36.88115009
EC-Earth3,ssp126,2071,108.85884808
EC-Earth3,ssp126,2072,71.41370982
EC-Earth3,ssp126,2073,57.05713329
EC-Earth3,ssp126,2074,124.98762870
EC-Earth3,ssp126,2075,108.04513780
EC-Earth3,ssp126,2076,53.20064489
EC-Earth3,ssp126,2077,99.29370191
EC-Earth3,ssp126,2078,34.40838683
EC-Earth3,ssp126,2079,69.22886734
EC-Earth3,ssp126,2080,99.38327435
EC-Earth3,ssp126,2081,69.99432498
EC-Earth3,ssp126,2082,49.67647591
EC-Earth3,ssp126,2083,75.05104400
EC-Earth3,ssp126,2084,105.52546087
EC-Earth3,ssp126,2085,69.86040133
EC-Earth3,ssp126,2086,46.18432218
EC-Earth3,ssp126,2087,52.73961113
EC-Earth3,ssp126,2088,131.90398097
EC-Earth3,ssp126,2089,92.17631281
EC-Earth3,ssp126,2090,61.88330553
EC-Earth3,ssp126,2091,61.39127362
EC-Earth3,ssp126,2092,79.16935889
EC-Earth3,ssp126,2093,69.84675117
EC-Earth3,ssp126,2094,77.34070339
EC-Earth3,ssp126,2095,114.58095811
EC-Earth3,ssp126,2096,66.02358845
EC-Earth3,ssp126,2097,97.13985078
EC-Earth3,ssp126,2098,78.14412159
EC-Earth3,ssp126,2099,50.55517521
EC-Earth3,ssp245,2015,114.39517904
EC-Earth3,ssp245,2016,75.40758649
EC-Earth3,ssp245,2017,48.85331244
EC-Earth3,ssp245,2018,119.20949624
EC-Earth3,ssp245,2019,103.99169782
EC-Earth3,ssp245,2020,74.44284107
EC-Earth3,ssp245,2021,21.17777863
EC-Earth3,ssp245,2022,103.68658406
EC-Earth3,ssp245,2023,123.81867051
EC-Earth3,ssp245,2024,138.94567236
EC-Earth3,ssp245,2025,26.71159484
EC-Earth3,ssp245,2026,51.66251997
EC-Earth3,ssp245,2027,73.06479143
EC-Earth3,ssp245,2028,114.37997812
EC-Earth3,ssp245,2029,115.42489969
EC-Earth3,ssp245,2030,64.15672739
EC-Earth3,ssp245,2031,109.63515368
EC-Earth3,ssp245,2032,69.22618913
EC-Earth3,ssp245,2033,54.85773734
EC-Earth3,ssp245,2034,46.08782902
EC-Earth3,ssp245,2035,54.17076408
EC-Earth3,ssp245,2036,109.33899267
EC-Earth3,ssp245,2037,43.66433961
EC-Earth3,ssp245,2038,129.37578731
EC-Earth3,ssp245,2039,41.73211577
EC-Earth3,ssp245,2040,67.57829841
EC-Earth3,ssp245,2041,103.39233869
EC-Earth3,ssp245,2042,160.53995664
EC-Earth3,ssp245,2043,84.06525167
EC-Earth3,ssp245,2044,46.25143795
EC-Earth3,ssp245,2045,68.38090585
EC-Earth3,ssp245,2046,75.48770208
EC-Earth3,ssp245,2047,43.96981264
EC-Earth3,ssp245,2048,79.41936662
EC-Earth3,ssp245,2049,157.66749061
EC-Earth3,ssp245,2050,118.17987801
EC-Earth3,ssp245,2051,157.18866940
EC-Earth3,ssp245,2052,58.18394795
EC-Earth3,ssp245,2053,61.65996775
EC-Earth3,ssp245,2054,121.06253174
EC-Earth3,ssp245,2055,46.61357793
EC-Earth3,ssp245,2056,137.70704973
EC-Earth3,ssp245,2057,68.47531950
EC-Earth3,ssp245,2058,74.71358639
EC-Earth3,ssp245,2059,92.89039363
EC-Earth3,ssp245,2060,72.62776037
EC-Earth3,ssp245,2061,140.16537769
EC-Earth3,ssp245,2062,102.35326182
EC-Earth3,ssp245,2063,69.94218855
EC-Earth3,ssp245,2064,43.40143203
EC-Earth3,ssp245,2065,35.27307551
EC-Earth3,ssp245,2066,105.96189142
EC-Earth3,ssp245,2067,90.90013524
EC-Earth3,ssp245,2068,71.41372881
EC-Earth3,ssp245,2069,109.74643782
EC-Earth3,ssp245,2070,65.32180958
EC-Earth3,ssp245,2071,103.39389170
EC-Earth3,ssp245,2072,163.45191442
EC-Earth3,ssp245,2073,92.77717684
EC-Earth3,ssp245,2074,119.50300017
EC-Earth3,ssp245,2075,144.71796109
EC-Earth3,ssp245,2076,130.37095813
EC-Earth3,ssp245,2077,68.58624112
EC-Earth3,ssp245,2078,128.13175858
EC-Earth3,ssp245,2079,54.24216090
EC-Earth3,ssp245,2080,93.28715987
EC-Earth3,ssp245,2081,51.84184688
EC-Earth3,ssp245,2082,90.95723785
EC-Earth3,ssp245,2083,134.95049203
EC-Earth3,ssp245,2084,120.10739335
EC-Earth3,ssp245,2085,97.43018627
EC-Earth3,ssp245,2086,163.79528273
EC-Earth3,ssp245,2087,107.58608162
EC-Earth3,ssp245,2088,147.59340286
EC-Earth3,ssp245,2089,109.28849555
EC-Earth3,ssp245,2090,79.14017252
EC-Earth3,ssp245,2091,58.65161495
EC-Earth3,ssp245,2092,68.08247551
EC-Earth3,ssp245,2093,84.66925206
EC-Earth3,ssp245,2094,84.91534243
EC-Earth3,ssp245,2095,98.29724064
EC-Earth3,ssp245,2096,97.48796001
EC-Earth3,ssp245,2097,130.35786392
EC-Earth3,ssp245,2098,135.05350851
EC-Earth3,ssp245,2099,201.72007619
EC-Earth3,ssp370,2015,107.51159884
EC-Earth3,ssp370,2016,32.37745313
EC-Earth3,ssp370,2017,57.34747893
EC-Earth3,ssp370,2018,86.68630858
EC-Earth3,ssp370,2019,71.37799790
EC-Earth3,ssp370,2020,56.84195666
EC-Earth3,ssp370,2021,67.14155860
EC-Earth3,ssp370,2022,59.40857661
EC-Earth3,ssp370,2023,201.64433064
EC-Earth3,ssp370,2024,73.78015256
EC-Earth3,ssp370,2025,45.01103418
EC-Earth3,ssp370,2026,94.96996536
EC-Earth3,ssp370,2027,56.84839927
EC-Earth3,ssp370,2028,49.28620762
EC-Earth3,ssp370,2029,111.87190628
EC-Earth3,ssp370,2030,66.24389279
EC-Earth3,ssp370,2031,108.67408055
EC-Earth3,ssp370,2032,103.24786516
EC-Earth3,ssp370,2033,107.48983397
EC-Earth3,ssp370,2034,36.08378623
EC-Earth3,ssp370,2035,59.67731032
EC-Earth3,ssp370,2036,70.67912758
EC-Earth3,ssp370,2037,39.04201206
EC-Earth3,ssp370,2038,92.98606023
EC-Earth3,ssp370,2039,93.78060806
EC-Earth3,ssp370,2040,96.78113489
EC-Earth3,ssp370,2041,87.97054067
EC-Earth3,ssp370,2042,95.18000768
EC-Earth3,ssp370,2043,117.10927656
EC-Earth3,ssp370,2044,80.15393956
EC-Earth3,ssp370,2045,103.19927874
EC-Earth3,ssp370,2046,111.52650232
EC-Earth3,ssp370,2047,112.97104623
EC-Earth3,ssp370,2048,86.23960578
EC-Earth3,ssp370,2049,110.28968972
EC-Earth3,ssp370,2050,168.87851944
EC-Earth3,ssp370,2051,68.95086069
EC-Earth3,ssp370,2052,81.00839293
EC-Earth3,ssp370,2053,180.04353179
EC-Earth3,ssp370,2054,73.91543474
EC-Earth3,ssp370,2055,99.28958286
EC-Earth3,ssp370,2056,100.40769072
EC-Earth3,ssp370,2057,87.72021019
EC-Earth3,ssp370,2058,75.63208491
EC-Earth3,ssp370,2059,109.29207857
EC-Earth3,ssp370,2060,56.91150962
EC-Earth3,ssp370,2061,97.64695257
EC-Earth3,ssp370,2062,65.76891832
EC-Earth3,ssp370,2063,62.71396839
EC-Earth3,ssp370,2064,117.19121416
EC-Earth3,ssp370,2065,150.87112002
EC-Earth3,ssp370,2066,55.48460913
EC-Earth3,ssp370,2067,57.63984443
EC-Earth3,ssp370,2068,37.05570065
EC-Earth3,ssp370,2069,106.34255016
EC-Earth3,ssp370,2070,79.40496987
EC-Earth3,ssp370,2071,128.22979340
EC-Earth3,ssp370,2072,52.34877172
EC-Earth3,ssp370,2073,92.03663722
EC-Earth3,ssp370,2074,85.15883129
EC-Earth3,ssp370,2075,118.31055326
EC-Earth3,ssp370,2076,108.45667671
EC-Earth3,ssp370,2077,69.78601373
EC-Earth3,ssp370,2078,63.71552258
EC-Earth3,ssp370,2079,59.86318020
EC-Earth3,ssp370,2080,53.24848488
EC-Earth3,ssp370,2081,141.55382465
EC-Earth3,ssp370,2082,48.83765471
EC-Earth3,ssp370,2083,109.62985057
EC-Earth3,ssp370,2084,163.03295123
EC-Earth3,ssp370,2085,77.76406624
EC-Earth3,ssp370,2086,125.99532069
EC-Earth3,ssp370,2087,67.46541136
EC-Earth3,ssp370,2088,108.46656269
EC-Earth3,ssp370,2089,76.29640418
EC-Earth3,ssp370,2090,109.36067626
EC-Earth3,ssp370,2091,133.26637835
EC-Earth3,ssp370,2092,33.32555095
EC-Earth3,ssp370,2093,74.09237055
EC-Earth3,ssp370,2094,118.91170754
EC-Earth3,ssp370,2095,95.69504918
EC-Earth3,ssp370,2096,74.09146834
EC-Earth3,ssp370,2097,165.42169564
EC-Earth3,ssp370,2098,105.88249250
EC-Earth3,ssp370,2099,56.19801835
EC-Earth3,ssp585,2015,141.78085994
EC-Earth3,ssp585,2016,81.07521846
EC-Earth3,ssp585,2017,76.55847337
EC-Earth3,ssp585,2018,126.36044281
EC-Earth3,ssp585,2019,68.97679893
EC-Earth3,ssp585,2020,81.67260548
EC-Earth3,ssp585,2021,93.51117069
EC-Earth3,ssp585,2022,42.22749088
EC-Earth3,ssp585,2023,66.88135101
EC-Earth3,ssp585,2024,114.32850736
EC-Earth3,ssp585,2025,100.98684652
EC-Earth3,ssp585,2026,150.42983439
EC-Earth3,ssp585,2027,142.05308188
EC-Earth3,ssp585,2028,67.00249646
EC-Earth3,ssp585,2029,68.69125275
EC-Earth3,ssp585,2030,182.74058772
EC-Earth3,ssp585,2031,76.30166253
EC-Earth3,ssp585,2032,31.26835836
EC-Earth3,ssp585,2033,92.81398573
EC-Earth3,ssp585,2034,61.16366571
EC-Earth3,ssp585,2035,73.23738683
EC-Earth3,ssp585,2036,76.91647924
EC-Earth3,ssp585,2037,50.97861103
EC-Earth3,ssp585,2038,54.10334636
EC-Earth3,ssp585,2039,101.41333438
EC-Earth3,ssp585,2040,41.55413056
EC-Earth3,ssp585,2041,122.33280770
EC-Earth3,ssp585,2042,130.15643012
EC-Earth3,ssp585,2043,107.60077766
EC-Earth3,ssp585,2044,104.74625730
EC-Earth3,ssp585,2045,42.52296904
EC-Earth3,ssp585,2046,68.55439165
EC-Earth3,ssp585,2047,113.03250725
EC-Earth3,ssp585,2048,149.52654921
EC-Earth3,ssp585,2049,86.82359868
EC-Earth3,ssp585,2050,114.36889825
EC-Earth3,ssp585,2051,126.57619189
EC-Earth3,ssp585,2052,92.43379538
EC-Earth3,ssp585,2053,194.98576175
EC-Earth3,ssp585,2054,60.19182679
EC-Earth3,ssp585,2055,42.00137884
EC-Earth3,ssp585,2056,184.85483995
EC-Earth3,ssp585,2057,62.41293045
EC-Earth3,ssp585,2058,80.44801857
EC-Earth3,ssp585,2059,83.20312556
EC-Earth3,ssp585,2060,89.79937270
EC-Earth3,ssp585,2061,111.08918906
EC-Earth3,ssp585,2062,103.09716198
EC-Earth3,ssp585,2063,64.74796663
EC-Earth3,ssp585,2064,71.55820177
EC-Earth3,ssp585,2065,98.81106109
EC-Earth3,ssp585,2066,33.41372313
EC-Earth3,ssp585,2067,90.50624184
EC-Earth3,ssp585,2068,122.06146218
EC-Earth3,ssp585,2069,66.38863628
EC-Earth3,ssp585,2070,77.12652553
EC-Earth3,ssp585,2071,80.87614946
EC-Earth3,ssp585,2072,62.12429774
EC-Earth3,ssp585,2073,90.44194701
EC-Earth3,ssp585,2074,61.75523520
EC-Earth3,ssp585,2075,108.68651633
EC-Earth3,ssp585,2076,76.03171490
EC-Earth3,ssp585,2077,53.97913640
EC-Earth3,ssp585,2078,144.58066279
EC-Earth3,ssp585,2079,61.74300491
EC-Earth3,ssp585,2080,92.58560074
EC-Earth3,ssp585,2081,92.09368309
EC-Earth3,ssp585,2082,115.52750755
EC-Earth3,ssp585,2083,57.29805298
EC-Earth3,ssp585,2084,178.08006241
EC-Earth3,ssp585,2085,75.44227557
EC-Earth3,ssp585,2086,116.29736275
EC-Earth3,ssp585,2087,135.00151320
EC-Earth3,ssp585,2088,180.95706620
EC-Earth3,ssp585,2089,94.10854869
EC-Earth3,ssp585,2090,141.97294553
EC-Earth3,ssp585,2091,114.05088161
EC-Earth3,ssp585,2092,160.00410370
EC-Earth3,ssp585,2093,69.77381095
EC-Earth3,ssp585,2094,130.01701553
EC-Earth3,ssp585,2095,122.11254890
EC-Earth3,ssp585,2096,195.57040256
EC-Earth3,ssp585,2097,184.23759974
EC-Earth3,ssp585,2098,73.05106042
EC-Earth3,ssp585,2099,145.13057425
GFDL-ESM4,historical,1960,119.31094440
GFDL-ESM4,historical,1961,128.46234011
GFDL-ESM4,historical,1962,103.36017860
GFDL-ESM4,historical,1963,101.58570024
GFDL-ESM4,historical,1964,58.91017900
GFDL-ESM4,historical,1965,79.99896713
GFDL-ESM4,historical,1966,101.25912553
GFDL-ESM4,historical,1967,55.43801920
GFDL-ESM4,historical,1968,76.55333990
GFDL-ESM4,historical,1969,46.56064871
GFDL-ESM4,historical,1970,68.62470046
GFDL-ESM4,historical,1971,38.68505457
GFDL-ESM4,historical,1972,90.27495510
GFDL-ESM4,historical,1973,57.02899627
GFDL-ESM4,historical,1974,108.61684615
GFDL-ESM4,historical,1975,40.10831085
GFDL-ESM4,historical,1976,70.85811289
GFDL-ESM4,historical,1977,87.88106941
GFDL-ESM4,historical,1978,61.07553641
GFDL-ESM4,historical,1979,120.50074106
GFDL-ESM4,historical,1980,71.67748568
GFDL-ESM4,historical,1981,120.63016005
GFDL-ESM4,historical,1982,45.91663617
GFDL-ESM4,historical,1983,83.25473885
GFDL-ESM4,historical,1984,82.03216439
GFDL-ESM4,historical,1985,118.90695437
GFDL-ESM4,historical,1986,46.01792679
GFDL-ESM4,historical,1987,79.33058755
GFDL-ESM4,historical,1988,81.13174637
GFDL-ESM4,historical,1989,14.60947317
GFDL-ESM4,historical,1990,102.26438292
GFDL-ESM4,historical,1991,58.44335971
GFDL-ESM4,historical,1992,63.00360653
GFDL-ESM4,historical,1993,89.15258292
GFDL-ESM4,historical,1994,65.61679448
GFDL-ESM4,historical,1995,62.11939351
GFDL-ESM4,historical,1996,128.76312535
GFDL-ESM4,historical,1997,78.66874216
GFDL-ESM4,historical,1998,115.96556530
GFDL-ESM4,historical,1999,80.07569773
GFDL-ESM4,historical,2000,89.60100386
GFDL-ESM4,historical,2001,87.71857895
GFDL-ESM4,historical,2002,72.08145436
GFDL-ESM4,historical,2003,65.02000738
GFDL-ESM4,historical,2004,89.91191693
GFDL-ESM4,historical,2005,53.66303580
GFDL-ESM4,historical,2006,24.06830655
GFDL-ESM4,historical,2007,125.93591968
GFDL-ESM4,historical,2008,81.75606117
GFDL-ESM4,historical,2009,56.30246713
GFDL-ESM4,historical,2010,136.73808492
GFDL-ESM4,historical,2011,121.96243728
GFDL-ESM4,historical,2012,61.97018820
GFDL-ESM4,historical,2013,114.94610451
GFDL-ESM4,historical,2014,67.40330883
GFDL-ESM4,ssp126,2015,39.22067025
GFDL-ESM4,ssp126,2016,65.39470649
GFDL-ESM4,ssp126,2017,81.64542387
GFDL-ESM4,ssp126,2018,73.38979162
GFDL-ESM4,ssp126,2019,25.51199508
GFDL-ESM4,ssp126,2020,66.12806573
GFDL-ESM4,ssp126,2021,78.78335767
GFDL-ESM4,ssp126,2022,92.11590223
GFDL-ESM4,ssp126,2023,66.95169358
GFDL-ESM4,ssp126,2024,99.77113337
GFDL-ESM4,ssp126,2025,114.24497966
GFDL-ESM4,ssp126,2026,144.20921778
GFDL-ESM4,ssp126,2027,48.05600748
GFDL-ESM4,ssp126,2028,104.66881226
GFDL-ESM4,ssp126,2029,57.54776876
GFDL-ESM4,ssp126,2030,30.47528037
GFDL-ESM4,ssp126,2031,92.54564280
GFDL-ESM4,ssp126,2032,101.00230839
GFDL-ESM4,ssp126,2033,94.04302714
GFDL-ESM4,ssp126,2034,81.44715242
GFDL-ESM4,ssp126,2035,124.52282351
GFDL-ESM4,ssp126,2036,89.59724029
GFDL-ESM4,ssp126,2037,120.71127178
GFDL-ESM4,ssp126,2038,67.25789709
GFDL-ESM4,ssp126,2039,70.50805698
GFDL-ESM4,ssp126,2040,95.54208966
GFDL-ESM4,ssp126,2041,80.51177611
GFDL-ESM4,ssp126,2042,61.40603809
GFDL-ESM4,ssp126,2043,81.89192826
GFDL-ESM4,ssp126,2044,39.75349710
GFDL-ESM4,ssp126,2045,53.65250899
GFDL-ESM4,ssp126,2046,78.58835665
GFDL-ESM4,ssp126,2047,52.92518129
GFDL-ESM4,ssp126,2048,36.41491184
GFDL-ESM4,ssp126,2049,83.39706157
GFDL-ESM4,ssp126,2050,49.79282695
GFDL-ESM4,ssp126,2051,75.39891995
GFDL-ESM4,ssp126,2052,33.69312113
GFDL-ESM4,ssp126,2053,72.96799891
GFDL-ESM4,ssp126,2054,85.78385066
GFDL-ESM4,ssp126,2055,71.31638059
GFDL-ESM4,ssp126,2056,76.98250576
GFDL-ESM4,ssp126,2057,92.59166862
GFDL-ESM4,ssp126,2058,120.63827744
GFDL-ESM4,ssp126,2059,103.56286230
GFDL-ESM4,ssp126,2060,85.69143852
GFDL-ESM4,ssp126,2061,115.69194879
GFDL-ESM4,ssp126,2062,80.63720824
GFDL-ESM4,ssp126,2063,158.76941391
GFDL-ESM4,ssp126,2064,102.31840150
GFDL-ESM4,ssp126,2065,39.43047507
GFDL-ESM4,ssp126,2066,120.93051897
GFDL-ESM4,ssp126,2067,31.70330930
GFDL-ESM4,ssp126,2068,94.85425690
GFDL-ESM4,ssp126,2069,100.89312055
GFDL-ESM4,ssp126,2070,87.65911790
GFDL-ESM4,ssp126,2071,58.84595257
GFDL-ESM4,ssp126,2072,131.29349069
GFDL-ESM4,ssp126,2073,89.48000463
GFDL-ESM4,ssp126,2074,80.18429298
GFDL-ESM4,ssp126,2075,102.44133262
GFDL-ESM4,ssp126,2076,71.34572186
GFDL-ESM4,ssp126,2077,63.24002075
GFDL-ESM4,ssp126,2078,95.22347357
GFDL-ESM4,ssp126,2079,81.11601712
GFDL-ESM4,ssp126,2080,71.10933150
GFDL-ESM4,ssp126,2081,78.46145627
GFDL-ESM4,ssp126,2082,69.78496647
GFDL-ESM4,ssp126,2083,48.83856445
GFDL-ESM4,ssp126,2084,66.70280268
GFDL-ESM4,ssp126,2085,101.59113245
GFDL-ESM4,ssp126,2086,55.80036874
GFDL-ESM4,ssp126,2087,90.54773969
GFDL-ESM4,ssp126,2088,76.73916723
GFDL-ESM4,ssp126,2089,180.73953071
GFDL-ESM4,ssp126,2090,146.11332595
GFDL-ESM4,ssp126,2091,82.47316698
GFDL-ESM4,ssp126,2092,138.64796995
GFDL-ESM4,ssp126,2093,123.33209966
GFDL-ESM4,ssp126,2094,104.41435521
GFDL-ESM4,ssp126,2095,56.70694968
GFDL-ESM4,ssp126,2096,38.50976561
GFDL-ESM4,ssp126,2097,31.83356687
GFDL-ESM4,ssp126,2098,133.93481039
GFDL-ESM4,ssp126,2099,65.90155737
GFDL-ESM4,ssp245,2015,44.59968969
GFDL-ESM4,ssp245,2016,59.73081967
GFDL-ESM4,ssp245,2017,126.19225557
GFDL-ESM4,ssp245,2018,96.87329989
GFDL-ESM4,ssp245,2019,81.70761408
GFDL-ESM4,ssp245,2020,27.26372041
GFDL-ESM4,ssp245,2021,103.70153744
GFDL-ESM4,ssp245,2022,105.96119722
GFDL-ESM4,ssp245,2023,43.63182444
GFDL-ESM4,ssp245,2024,69.54336039
GFDL-ESM4,ssp245,2025,61.13073565
GFDL-ESM4,ssp245,2026,86.20974764
GFDL-ESM4,ssp245,2027,80.24927095
GFDL-ESM4,ssp245,2028,53.94576624
GFDL-ESM4,ssp245,2029,61.78010187
GFDL-ESM4,ssp245,2030,65.54481457
GFDL-ESM4,ssp245,2031,65.41349413
GFDL-ESM4,ssp245,2032,52.25502992
GFDL-ESM4,ssp245,2033,54.11042919
GFDL-ESM4,ssp245,2034,76.25588318
GFDL-ESM4,ssp245,2035,103.24575590
GFDL-ESM4,ssp245,2036,96.72796459
GFDL-ESM4,ssp245,2037,56.40547388
GFDL-ESM4,ssp245,2038,26.14866080
GFDL-ESM4,ssp245,2039,58.30994722
GFDL-ESM4,ssp245,2040,55.25030376
GFDL-ESM4,ssp245,2041,57.93308706
GFDL-ESM4,ssp245,2042,69.55689406
GFDL-ESM4,ssp245,2043,102.08269911
GFDL-ESM4,ssp245,2044,71.35224069
GFDL-ESM4,ssp245,2045,93.72766741
GFDL-ESM4,ssp245,2046,176.54569835
GFDL-ESM4,ssp245,2047,53.70150306
GFDL-ESM4,ssp245,2048,78.71598503
GFDL-ESM4,ssp245,2049,70.92031084
GFDL-ESM4,ssp245,2050,98.00341439
GFDL-ESM4,ssp245,2051,120.26044628
GFDL-ESM4,ssp245,2052,69.51575096
GFDL-ESM4,ssp245,2053,80.11336254
GFDL-ESM4,ssp245,2054,55.26045132
GFDL-ESM4,ssp245,2055,92.44963322
GFDL-ESM4,ssp245,2056,77.63290209
GFDL-ESM4,ssp245,2057,87.06059997
GFDL-ESM4,ssp245,2058,74.44867692
GFDL-ESM4,ssp245,2059,87.32525738
GFDL-ESM4,ssp245,2060,65.42381099
GFDL-ESM4,ssp245,2061,70.52047267
GFDL-ESM4,ssp245,2062,50.20161913
GFDL-ESM4,ssp245,2063,53.85535399
GFDL-ESM4,ssp245,2064,62.84641468
GFDL-ESM4,ssp245,2065,43.61690534
GFDL-ESM4,ssp245,2066,189.58419263
GFDL-ESM4,ssp245,2067,68.37999771
GFDL-ESM4,ssp245,2068,57.39357363
GFDL-ESM4,ssp245,2069,59.03044528
GFDL-ESM4,ssp245,2070,89.80871887
GFDL-ESM4,ssp245,2071,96.79083453
GFDL-ESM4,ssp245,2072,73.37332886
GFDL-ESM4,ssp245,2073,72.31158736
GFDL-ESM4,ssp245,2074,166.81149457
GFDL-ESM4,ssp245,2075,107.58810073
GFDL-ESM4,ssp245,2076,122.60481857
GFDL-ESM4,ssp245,2077,54.28024404
GFDL-ESM4,ssp245,2078,65.18287968
GFDL-ESM4,ssp245,2079,158.21626806
GFDL-ESM4,ssp245,2080,93.32235180
GFDL-ESM4,ssp245,2081,90.29820612
GFDL-ESM4,ssp245,2082,110.53640646
GFDL-ESM4,ssp245,2083,103.51792166
GFDL-ESM4,ssp245,2084,82.56267718
GFDL-ESM4,ssp245,2085,41.10497311
GFDL-ESM4,ssp245,2086,100.58021701
GFDL-ESM4,ssp245,2087,45.34435354
GFDL-ESM4,ssp245,2088,105.10544260
GFDL-ESM4,ssp245,2089,101.30948479
GFDL-ESM4,ssp245,2090,104.62516174
GFDL-ESM4,ssp245,2091,128.84484824
GFDL-ESM4,ssp245,2092,95.97467668
GFDL-ESM4,ssp245,2093,120.00226138
GFDL-ESM4,ssp245,2094,95.94002830
GFDL-ESM4,ssp245,2095,116.36325362
GFDL-ESM4,ssp245,2096,144.53272577
GFDL-ESM4,ssp245,2097,44.69651727
GFDL-ESM4,ssp245,2098,156.49888682
GFDL-ESM4,ssp245,2099,52.98034177
GFDL-ESM4,ssp370,2015,44.55504625
GFDL-ESM4,ssp370,2016,83.23945385
GFDL-ESM4,ssp370,2017,93.40576551
GFDL-ESM4,ssp370,2018,113.69270452
GFDL-ESM4,ssp370,2019,102.53784386
GFDL-ESM4,ssp370,2020,53.08396699
GFDL-ESM4,ssp370,2021,65.63878741
GFDL-ESM4,ssp370,2022,96.11169361
GFDL-ESM4,ssp370,2023,114.74253489
GFDL-ESM4,ssp370,2024,113.30776660
GFDL-ESM4,ssp370,2025,109.78607075
GFDL-ESM4,ssp370,2026,76.05042694
GFDL-ESM4,ssp370,2027,157.33104350
GFDL-ESM4,ssp370,2028,108.09652905
GFDL-ESM4,ssp370,2029,82.89387447
GFDL-ESM4,ssp370,2030,77.44655133
GFDL-ESM4,ssp370,2031,73.90330509
GFDL-ESM4,ssp370,2032,57.20937129
GFDL-ESM4,ssp370,2033,98.72056901
GFDL-ESM4,ssp370,2034,92.98025217
GFDL-ESM4,ssp370,2035,100.06300037
GFDL-ESM4,ssp370,2036,38.87455107
GFDL-ESM4,ssp370,2037,56.46560792
GFDL-ESM4,ssp370,2038,67.29594842
GFDL-ESM4,ssp370,2039,120.14751624
GFDL-ESM4,ssp370,2040,54.33051221
GFDL-ESM4,ssp370,2041,69.50961062
GFDL-ESM4,ssp370,2042,53.34319206
GFDL-ESM4,ssp370,2043,116.11881734
GFDL-ESM4,ssp370,2044,83.23831607
GFDL-ESM4,ssp370,2045,102.61211527
GFDL-ESM4,ssp370,2046,129.27898327
GFDL-ESM4,ssp370,2047,118.32195303
GFDL-ESM4,ssp370,2048,131.26699828
GFDL-ESM4,ssp370,2049,148.46107619
GFDL-ESM4,ssp370,2050,41.69469054
GFDL-ESM4,ssp370,2051,63.73343828
GFDL-ESM4,ssp370,2052,92.35357842
GFDL-ESM4,ssp370,2053,34.05780929
GFDL-ESM4,ssp370,2054,80.54802703
GFDL-ESM4,ssp370,2055,60.22736832
GFDL-ESM4,ssp370,2056,133.03988942
GFDL-ESM4,ssp370,2057,77.99104653
GFDL-ESM4,ssp370,2058,79.32172158
GFDL-ESM4,ssp370,2059,82.03023582
GFDL-ESM4,ssp370,2060,98.37736302
GFDL-ESM4,ssp370,2061,41.89985228
GFDL-ESM4,ssp370,2062,66.33598646
GFDL-ESM4,ssp370,2063,83.95361304
GFDL-ESM4,ssp370,2064,113.57664194
GFDL-ESM4,ssp370,2065,63.25835994
GFDL-ESM4,ssp370,2066,88.82976402
GFDL-ESM4,ssp370,2067,134.23028158
GFDL-ESM4,ssp370,2068,55.70413214
GFDL-ESM4,ssp370,2069,131.01696610
GFDL-ESM4,ssp370,2070,111.52068381
GFDL-ESM4,ssp370,2071,59.27009834
GFDL-ESM4,ssp370,2072,66.62032740
GFDL-ESM4,ssp370,2073,70.65962978
GFDL-ESM4,ssp370,2074,78.92905992
GFDL-ESM4,ssp370,2075,72.52082168
GFDL-ESM4,ssp370,2076,124.10951855
GFDL-ESM4,ssp370,2077,87.73030378
GFDL-ESM4,ssp370,2078,82.40162997
GFDL-ESM4,ssp370,2079,102.38185873
GFDL-ESM4,ssp370,2080,118.50487132
GFDL-ESM4,ssp370,2081,114.87394858
GFDL-ESM4,ssp370,2082,29.16949342
GFDL-ESM4,ssp370,2083,82.31896853
GFDL-ESM4,ssp370,2084,34.62901770
GFDL-ESM4,ssp370,2085,80.34781205
GFDL-ESM4,ssp370,2086,78.89224611
GFDL-ESM4,ssp370,2087,138.97495681
GFDL-ESM4,ssp370,2088,40.76175632
GFDL-ESM4,ssp370,2089,93.87314996
GFDL-ESM4,ssp370,2090,78.91091988
GFDL-ESM4,ssp370,2091,93.11313126
GFDL-ESM4,ssp370,2092,104.22359348
GFDL-ESM4,ssp370,2093,80.99451953
GFDL-ESM4,ssp370,2094,103.45448070
GFDL-ESM4,ssp370,2095,93.30541828
GFDL-ESM4,ssp370,2096,32.47370773
GFDL-ESM4,ssp370,2097,24.80666705
GFDL-ESM4,ssp370,2098,70.83689387
GFDL-ESM4,ssp370,2099,123.52308363
GFDL-ESM4,ssp585,2015,70.61374249
GFDL-ESM4,ssp585,2016,80.20324451
GFDL-ESM4,ssp585,2017,48.39045065
GFDL-ESM4,ssp585,2018,59.54596997
GFDL-ESM4,ssp585,2019,102.13363951
GFDL-ESM4,ssp585,2020,73.43326993
GFDL-ESM4,ssp585,2021,25.84702913
GFDL-ESM4,ssp585,2022,104.61071400
GFDL-ESM4,ssp585,2023,49.83245396
GFDL-ESM4,ssp585,2024,96.15115732
GFDL-ESM4,ssp585,2025,60.90082227
GFDL-ESM4,ssp585,2026,55.96732131
GFDL-ESM4,ssp585,2027,45.31299542
GFDL-ESM4,ssp585,2028,39.85923786
GFDL-ESM4,ssp585,2029,65.06068956
GFDL-ESM4,ssp585,2030,123.76001594
GFDL-ESM4,ssp585,2031,69.49606636
GFDL-ESM4,ssp585,2032,77.30371562
GFDL-ESM4,ssp585,2033,83.70919991
GFDL-ESM4,ssp585,2034,82.37127501
GFDL-ESM4,ssp585,2035,33.90476228
GFDL-ESM4,ssp585,2036,84.50102881
GFDL-ESM4,ssp585,2037,125.39420664
GFDL-ESM4,ssp585,2038,37.20351563
GFDL-ESM4,ssp585,2039,123.93867114
GFDL-ESM4,ssp585,2040,34.47533916
GFDL-ESM4,ssp585,2041,123.53431030
GFDL-ESM4,ssp585,2042,80.49271204
GFDL-ESM4,ssp585,2043,75.39085016
GFDL-ESM4,ssp585,2044,39.47379551
GFDL-ESM4,ssp585,2045,81.26510004
GFDL-ESM4,ssp585,2046,177.40538076
GFDL-ESM4,ssp585,2047,131.81134495
GFDL-ESM4,ssp585,2048,31.45237179
GFDL-ESM4,ssp585,2049,144.55544688
GFDL-ESM4,ssp585,2050,49.15779789
GFDL-ESM4,ssp585,2051,74.01676229
GFDL-ESM4,ssp585,2052,103.46633037
GFDL-ESM4,ssp585,2053,61.87184177
GFDL-ESM4,ssp585,2054,49.53442339
GFDL-ESM4,ssp585,2055,21.16628914
GFDL-ESM4,ssp585,2056,65.74113918
GFDL-ESM4,ssp585,2057,68.20814961
GFDL-ESM4,ssp585,2058,77.96657103
GFDL-ESM4,ssp585,2059,73.67958321
GFDL-ESM4,ssp585,2060,101.23036109
GFDL-ESM4,ssp585,2061,104.29837349
GFDL-ESM4,ssp585,2062,73.30062313
GFDL-ESM4,ssp585,2063,169.74344069
GFDL-ESM4,ssp585,2064,81.55226227
GFDL-ESM4,ssp585,2065,125.14416941
GFDL-ESM4,ssp585,2066,111.71480592
GFDL-ESM4,ssp585,2067,83.87893073
GFDL-ESM4,ssp585,2068,104.07742936
GFDL-ESM4,ssp585,2069,102.68772401
GFDL-ESM4,ssp585,2070,121.63989299
GFDL-ESM4,ssp585,2071,83.27596473
GFDL-ESM4,ssp585,2072,90.49150532
GFDL-ESM4,ssp585,2073,107.64338267
GFDL-ESM4,ssp585,2074,97.37597918
GFDL-ESM4,ssp585,2075,65.71591454
GFDL-ESM4,ssp585,2076,74.29159718
GFDL-ESM4,ssp585,2077,98.51964110
GFDL-ESM4,ssp585,2078,98.93600908
GFDL-ESM4,ssp585,2079,62.50498446
GFDL-ESM4,ssp585,2080,92.21941547
GFDL-ESM4,ssp585,2081,122.32646528
GFDL-ESM4,ssp585,2082,59.57105549
GFDL-ESM4,ssp585,2083,38.85579115
GFDL-ESM4,ssp585,2084,37.45895611
GFDL-ESM4,ssp585,2085,90.55826079
GFDL-ESM4,ssp585,2086,71.32815303
GFDL-ESM4,ssp585,2087,86.14702234
GFDL-ESM4,ssp585,2088,147.27581271
GFDL-ESM4,ssp585,2089,95.21075926
GFDL-ESM4,ssp585,2090,104.27370232
GFDL-ESM4,ssp585,2091,133.30576836
GFDL-ESM4,ssp585,2092,115.14171665
GFDL-ESM4,ssp585,2093,128.96306383
GFDL-ESM4,ssp585,2094,150.80260771
GFDL-ESM4,ssp585,2095,86.55641838
GFDL-ESM4,ssp585,2096,58.66125180
GFDL-ESM4,ssp585,2097,131.36208476
GFDL-ESM4,ssp585,2098,121.42915720
GFDL-ESM4,ssp585,2099,96.99166548
NorESM2-MM,historical,1960,52.89579391
NorESM2-MM,historical,1961,76.92827926
NorESM2-MM,historical,1962,66.01969077
NorESM2-MM,historical,1963,72.46262129
NorESM2-MM,historical,1964,34.29517874
NorESM2-MM,historical,1965,77.81968720
NorESM2-MM,historical,1966,169.72201990
NorESM2-MM,historical,1967,117.61842372
NorESM2-MM,historical,1968,51.59436069
NorESM2-MM,historical,1969,96.42783055
NorESM2-MM,historical,1970,102.55986786
NorESM2-MM,historical,1971,100.86696152
NorESM2-MM,historical,1972,118.00794744
NorESM2-MM,historical,1973,88.14827951
NorESM2-MM,historical,1974,35.05595135
NorESM2-MM,historical,1975,111.50472437
NorESM2-MM,historical,1976,97.51707460
NorESM2-MM,historical,1977,76.80602404
NorESM2-MM,historical,1978,49.61552583
NorESM2-MM,historical,1979,63.19772017
NorESM2-MM,historical,1980,77.39503485
NorESM2-MM,historical,1981,53.29978909
NorESM2-MM,historical,1982,61.07239419
NorESM2-MM,historical,1983,77.89339201
NorESM2-MM,historical,1984,65.03843266
NorESM2-MM,historical,1985,88.93363574
NorESM2-MM,historical,1986,90.04619179
NorESM2-MM,historical,1987,86.28491950
NorESM2-MM,historical,1988,83.69976270
NorESM2-MM,historical,1989,87.07313323
NorESM2-MM,historical,1990,74.11551555
NorESM2-MM,historical,1991,54.26640682
NorESM2-MM,historical,1992,118.95333503
NorESM2-MM,historical,1993,37.82172398
NorESM2-MM,historical,1994,73.87594169
NorESM2-MM,historical,1995,84.45401630
NorESM2-MM,historical,1996,106.63863931
NorESM2-MM,historical,1997,89.84544199
NorESM2-MM,historical,1998,98.13636158
NorESM2-MM,historical,1999,129.04651488
NorESM2-MM,historical,2000,50.68086387
NorESM2-MM,historical,2001,69.09569786
NorESM2-MM,historical,2002,59.34830918
NorESM2-MM,historical,2003,73.04612950
NorESM2-MM,historical,2004,43.97623241
NorESM2-MM,historical,2005,45.16840091
NorESM2-MM,historical,2006,121.64110635
NorESM2-MM,historical,2007,71.68999710
NorESM2-MM,historical,2008,61.91794341
NorESM2-MM,historical,2009,111.44577669
NorESM2-MM,historical,2010,114.23415016
NorESM2-MM,historical,2011,74.13467137
NorESM2-MM,historical,2012,86.36197124
NorESM2-MM,historical,2013,77.23517845
NorESM2-MM,historical,2014,62.58388160
NorESM2-MM,ssp126,2015,71.26801790
NorESM2-MM,ssp126,2016,114.85249901
NorESM2-MM,ssp126,2017,56.23160795
NorESM2-MM,ssp126,2018,75.80562499
NorESM2-MM,ssp126,2019,39.65949883
NorESM2-MM,ssp126,2020,24.37612385
NorESM2-MM,ssp126,2021,71.63236852
NorESM2-MM,ssp126,2022,80.72574217
NorESM2-MM,ssp126,2023,57.45765162
NorESM2-MM,ssp126,2024,87.03360481
NorESM2-MM,ssp126,2025,130.99099087
NorESM2-MM,ssp126,2026,48.36103177
NorESM2-MM,ssp126,2027,80.57198756
NorESM2-MM,ssp126,2028,68.37350111
NorESM2-MM,ssp126,2029,155.30787276
NorESM2-MM,ssp126,2030,67.79748697
NorESM2-MM,ssp126,2031,63.19955450
NorESM2-MM,ssp126,2032,111.86245783
NorESM2-MM,ssp126,2033,69.58844023
NorESM2-MM,ssp126,2034,76.32036356
NorESM2-MM,ssp126,2035,95.92216220
NorESM2-MM,ssp126,2036,84.17294134
NorESM2-MM,ssp126,2037,49.50142432
NorESM2-MM,ssp126,2038,74.32505470
NorESM2-MM,ssp126,2039,67.45233301
NorESM2-MM,ssp126,2040,55.59834191
NorESM2-MM,ssp126,2041,62.49498205
NorESM2-MM,ssp126,2042,120.13339203
NorESM2-MM,ssp126,2043,79.02915744
NorESM2-MM,ssp126,2044,42.20654517
NorESM2-MM,ssp126,2045,61.48769097
NorESM2-MM,ssp126,2046,51.42665163
NorESM2-MM,ssp126,2047,68.60326320
NorESM2-MM,ssp126,2048,50.59229766
NorESM2-MM,ssp126,2049,98.78245444
NorESM2-MM,ssp126,2050,51.76598695
NorESM2-MM,ssp126,2051,52.86690536
NorESM2-MM,ssp126,2052,161.34069725
NorESM2-MM,ssp126,2053,67.14206749
NorESM2-MM,ssp126,2054,72.09872055
NorESM2-MM,ssp126,2055,87.58623888
NorESM2-MM,ssp126,2056,105.71951710
NorESM2-MM,ssp126,2057,51.90707616
NorESM2-MM,ssp126,2058,97.57055697
NorESM2-MM,ssp126,2059,76.18334728
NorESM2-MM,ssp126,2060,75.42946069
NorESM2-MM,ssp126,2061,86.56104251
NorESM2-MM,ssp126,2062,68.24117222
NorESM2-MM,ssp126,2063,93.85846950
NorESM2-MM,ssp126,2064,44.74330477
NorESM2-MM,ssp126,2065,127.67627405
NorESM2-MM,ssp126,2066,76.71665608
NorESM2-MM,ssp126,2067,121.18092247
NorESM2-MM,ssp126,2068,87.17728194
NorESM2-MM,ssp126,2069,150.33958023
NorESM2-MM,ssp126,2070,95.27380797
NorESM2-MM,ssp126,2071,62.58320444
NorESM2-MM,ssp126,2072,81.64370747
NorESM2-MM,ssp126,2073,110.74178994
NorESM2-MM,ssp126,2074,107.89715835
NorESM2-MM,ssp126,2075,56.93923127
NorESM2-MM,ssp126,2076,47.01181164
NorESM2-MM,ssp126,2077,87.00332118
NorESM2-MM,ssp126,2078,46.72927102
NorESM2-MM,ssp126,2079,80.70239338
NorESM2-MM,ssp126,2080,100.07139247
NorESM2-MM,ssp126,2081,65.85256890
NorESM2-MM,ssp126,2082,79.45742168
NorESM2-MM,ssp126,2083,111.31105263
NorESM2-MM,ssp126,2084,95.19430626
NorESM2-MM,ssp126,2085,101.59248858
NorESM2-MM,ssp126,2086,114.61753450
NorESM2-MM,ssp126,2087,30.74663892
NorESM2-MM,ssp126,2088,58.27417800
NorESM2-MM,ssp126,2089,83.59127332
NorESM2-MM,ssp126,2090,71.60541394
NorESM2-MM,ssp126,2091,51.65528346
NorESM2-MM,ssp126,2092,51.51104710
NorESM2-MM,ssp126,2093,82.95431730
NorESM2-MM,ssp126,2094,66.63210026
NorESM2-MM,ssp126,2095,93.33342481
NorESM2-MM,ssp126,2096,74.21765733
NorESM2-MM,ssp126,2097,37.33867454
NorESM2-MM,ssp126,2098,88.65726532
NorESM2-MM,ssp126,2099,133.79831786
NorESM2-MM,ssp245,2015,77.57822779
NorESM2-MM,ssp245,2016,93.16590079
NorESM2-MM,ssp245,2017,112.06015901
NorESM2-MM,ssp245,2018,78.24621358
NorESM2-MM,ssp245,2019,57.66705907
NorESM2-MM,ssp245,2020,67.64192684
NorESM2-MM,ssp245,2021,47.99897805
NorESM2-MM,ssp245,2022,53.59887857
NorESM2-MM,ssp245,2023,47.53692373
NorESM2-MM,ssp245,2024,85.00504737
NorESM2-MM,ssp245,2025,74.82741577
NorESM2-MM,ssp245,2026,61.07253819
NorESM2-MM,ssp245,2027,89.22396104
NorESM2-MM,ssp245,2028,92.89865948
NorESM2-MM,ssp245,2029,73.94147881
NorESM2-MM,ssp245,2030,74.88378901
NorESM2-MM,ssp245,2031,58.32722494
NorESM2-MM,ssp245,2032,94.21175359
NorESM2-MM,ssp245,2033,49.76684375
NorESM2-MM,ssp245,2034,60.12379691
NorESM2-MM,ssp245,2035,95.13629220
NorESM2-MM,ssp245,2036,54.84112052
NorESM2-MM,ssp245,2037,55.76329916
NorESM2-MM,ssp245,2038,117.48408382
NorESM2-MM,ssp245,2039,76.76565121
NorESM2-MM,ssp245,2040,79.56128233
NorESM2-MM,ssp245,2041,65.47584566
NorESM2-MM,ssp245,2042,100.25085670
NorESM2-MM,ssp245,2043,102.50849395
NorESM2-MM,ssp245,2044,77.06769964
NorESM2-MM,ssp245,2045,73.60438637
NorESM2-MM,ssp245,2046,99.40762468
NorESM2-MM,ssp245,2047,115.69514873
NorESM2-MM,ssp245,2048,72.61582423
NorESM2-MM,ssp245,2049,38.03427457
NorESM2-MM,ssp245,2050,39.52639190
NorESM2-MM,ssp245,2051,40.38169465
NorESM2-MM,ssp245,2052,54.91391751
NorESM2-MM,ssp245,2053,123.73550333
NorESM2-MM,ssp245,2054,76.80587564
NorESM2-MM,ssp245,2055,63.54048100
NorESM2-MM,ssp245,2056,49.93869227
NorESM2-MM,ssp245,2057,86.61089501
NorESM2-MM,ssp245,2058,31.48152500
NorESM2-MM,ssp245,2059,63.89089594
NorESM2-MM,ssp245,2060,50.05943418
NorESM2-MM,ssp245,2061,65.14646525
NorESM2-MM,ssp245,2062,94.29895263
NorESM2-MM,ssp245,2063,144.65193733
NorESM2-MM,ssp245,2064,76.96322835
NorESM2-MM,ssp245,2065,81.45899183
NorESM2-MM,ssp245,2066,44.96547329
NorESM2-MM,ssp245,2067,64.01142285
NorESM2-MM,ssp245,2068,56.29340808
NorESM2-MM,ssp245,2069,58.96348750
NorESM2-MM,ssp245,2070,64.49342153
NorESM2-MM,ssp245,2071,76.77682506
NorESM2-MM,ssp245,2072,162.37787164
NorESM2-MM,ssp245,2073,77.90303253
NorESM2-MM,ssp245,2074,61.29487224
NorESM2-MM,ssp245,2075,78.32306192
NorESM2-MM,ssp245,2076,147.11717278
NorESM2-MM,ssp245,2077,100.38372470
NorESM2-MM,ssp245,2078,66.12334893
NorESM2-MM,ssp245,2079,114.30422208
NorESM2-MM,ssp245,2080,116.47865564
NorESM2-MM,ssp245,2081,97.53327725
NorESM2-MM,ssp245,2082,95.50038163
NorESM2-MM,ssp245,2083,69.91299091
NorESM2-MM,ssp245,2084,82.14551448
NorESM2-MM,ssp245,2085,99.63028872
NorESM2-MM,ssp245,2086,105.96048818
NorESM2-MM,ssp245,2087,50.87421559
NorESM2-MM,ssp245,2088,54.99280316
NorESM2-MM,ssp245,2089,140.92848538
NorESM2-MM,ssp245,2090,69.14954811
NorESM2-MM,ssp245,2091,83.43159445
NorESM2-MM,ssp245,2092,71.79722639
NorESM2-MM,ssp245,2093,55.13683326
NorESM2-MM,ssp245,2094,128.32142806
NorESM2-MM,ssp245,2095,88.74319380
NorESM2-MM,ssp245,2096,45.88494549
NorESM2-MM,ssp245,2097,71.55580131
NorESM2-MM,ssp245,2098,107.96248685
NorESM2-MM,ssp245,2099,57.82110222
NorESM2-MM,ssp370,2015,56.34438190
NorESM2-MM,ssp370,2016,68.52671627
NorESM2-MM,ssp370,2017,66.55505329
NorESM2-MM,ssp370,2018,90.05061659
NorESM2-MM,ssp370,2019,65.99850355
NorESM2-MM,ssp370,2020,72.68683850
NorESM2-MM,ssp370,2021,116.15474637
NorESM2-MM,ssp370,2022,67.49422286
NorESM2-MM,ssp370,2023,52.34597808
NorESM2-MM,ssp370,2024,64.67872403
NorESM2-MM,ssp370,2025,79.09995690
NorESM2-MM,ssp370,2026,78.81152913
NorESM2-MM,ssp370,2027,63.51533609
NorESM2-MM,ssp370,2028,99.95636783
NorESM2-MM,ssp370,2029,66.98213520
NorESM2-MM,ssp370,2030,108.85582376
NorESM2-MM,ssp370,2031,76.27586871
NorESM2-MM,ssp370,2032,89.41945596
NorESM2-MM,ssp370,2033,69.59674544
NorESM2-MM,ssp370,2034,78.41412232
NorESM2-MM,ssp370,2035,84.10652606
NorESM2-MM,ssp370,2036,79.08843553
NorESM2-MM,ssp370,2037,50.93848436
NorESM2-MM,ssp370,2038,53.10944499
NorESM2-MM,ssp370,2039,80.01253048
NorESM2-MM,ssp370,2040,176.83150113
NorESM2-MM,ssp370,2041,79.39370238
NorESM2-MM,ssp370,2042,103.45198682
NorESM2-MM,ssp370,2043,83.71567683
NorESM2-MM,ssp370,2044,83.23253092
NorESM2-MM,ssp370,2045,104.97028763
NorESM2-MM,ssp370,2046,61.60307169
NorESM2-MM,ssp370,2047,64.97609982
NorESM2-MM,ssp370,2048,77.81974071
NorESM2-MM,ssp370,2049,48.14324624
NorESM2-MM,ssp370,2050,84.65607812
NorESM2-MM,ssp370,2051,96.98622468
NorESM2-MM,ssp370,2052,72.77181238
NorESM2-MM,ssp370,2053,68.65403890
NorESM2-MM,ssp370,2054,52.57821676
NorESM2-MM,ssp370,2055,110.58202042
NorESM2-MM,ssp370,2056,83.55567773
NorESM2-MM,ssp370,2057,112.40071411
NorESM2-MM,ssp370,2058,81.68382604
NorESM2-MM,ssp370,2059,98.89645558
NorESM2-MM,ssp370,2060,75.83485899
NorESM2-MM,ssp370,2061,154.36390137
NorESM2-MM,ssp370,2062,74.04304502
NorESM2-MM,ssp370,2063,122.25294831
NorESM2-MM,ssp370,2064,46.43053749
NorESM2-MM,ssp370,2065,45.19548098
NorESM2-MM,ssp370,2066,81.03177579
NorESM2-MM,ssp370,2067,51.23919940
NorESM2-MM,ssp370,2068,70.46400561
NorESM2-MM,ssp370,2069,36.53445402
NorESM2-MM,ssp370,2070,77.63135272
NorESM2-MM,ssp370,2071,96.21352804
NorESM2-MM,ssp370,2072,113.66351137
NorESM2-MM,ssp370,2073,99.02696222
NorESM2-MM,ssp370,2074,68.97489269
NorESM2-MM,ssp370,2075,117.36790770
NorESM2-MM,ssp370,2076,50.14498975
NorESM2-MM,ssp370,2077,106.10822866
NorESM2-MM,ssp370,2078,95.32924797
NorESM2-MM,ssp370,2079,82.93133498
NorESM2-MM,ssp370,2080,100.43389181
NorESM2-MM,ssp370,2081,74.46588193
NorESM2-MM,ssp370,2082,77.62465575
NorESM2-MM,ssp370,2083,49.54298463
NorESM2-MM,ssp370,2084,96.01269911
NorESM2-MM,ssp370,2085,83.07845910
NorESM2-MM,ssp370,2086,103.43213549
NorESM2-MM,ssp370,2087,72.79768603
NorESM2-MM,ssp370,2088,68.41658054
NorESM2-MM,ssp370,2089,49.71109488
NorESM2-MM,ssp370,2090,61.00448448
NorESM2-MM,ssp370,2091,109.07804116
NorESM2-MM,ssp370,2092,97.58509960
NorESM2-MM,ssp370,2093,29.56566767
NorESM2-MM,ssp370,2094,53.89372263
NorESM2-MM,ssp370,2095,122.66438183
NorESM2-MM,ssp370,2096,53.69695303
NorESM2-MM,ssp370,2097,127.32975857
NorESM2-MM,ssp370,2098,97.64948053
NorESM2-MM,ssp370,2099,44.96022874
NorESM2-MM,ssp585,2015,105.53710748
NorESM2-MM,ssp585,2016,64.99146288
NorESM2-MM,ssp585,2017,111.18493453
NorESM2-MM,ssp585,2018,81.99984032
NorESM2-MM,ssp585,2019,60.95887935
NorESM2-MM,ssp585,2020,94.61929126
NorESM2-MM,ssp585,2021,87.77655741
NorESM2-MM,ssp585,2022,55.11775712
NorESM2-MM,ssp585,2023,90.05222036
NorESM2-MM,ssp585,2024,63.17518346
NorESM2-MM,ssp585,2025,93.61119072
NorESM2-MM,ssp585,2026,51.32884014
NorESM2-MM,ssp585,2027,77.23647491
NorESM2-MM,ssp585,2028,50.02054247
NorESM2-MM,ssp585,2029,133.08443620
NorESM2-MM,ssp585,2030,89.79986375
NorESM2-MM,ssp585,2031,49.55959340
NorESM2-MM,ssp585,2032,80.56671838
NorESM2-MM,ssp585,2033,63.07740945
NorESM2-MM,ssp585,2034,73.11238546
NorESM2-MM,ssp585,2035,71.57993578
NorESM2-MM,ssp585,2036,96.97344509
NorESM2-MM,ssp585,2037,149.76692964
NorESM2-MM,ssp585,2038,87.95250332
NorESM2-MM,ssp585,2039,60.09222617
NorESM2-MM,ssp585,2040,64.72449821
NorESM2-MM,ssp585,2041,74.15598712
NorESM2-MM,ssp585,2042,94.94342858
NorESM2-MM,ssp585,2043,45.05119413
NorESM2-MM,ssp585,2044,83.18616632
NorESM2-MM,ssp585,2045,79.46179559
NorESM2-MM,ssp585,2046,95.30093414
NorESM2-MM,ssp585,2047,75.11824726
NorESM2-MM,ssp585,2048,96.28900949
NorESM2-MM,ssp585,2049,54.77541502
NorESM2-MM,ssp585,2050,87.49953996
NorESM2-MM,ssp585,2051,138.78661376
NorESM2-MM,ssp585,2052,112.33684827
NorESM2-MM,ssp585,2053,54.71931112
NorESM2-MM,ssp585,2054,111.17307218
NorESM2-MM,ssp585,2055,71.76500941
NorESM2-MM,ssp585,2056,105.05242800
NorESM2-MM,ssp585,2057,78.08351396
NorESM2-MM,ssp585,2058,51.66440754
NorESM2-MM,ssp585,2059,88.37844773
NorESM2-MM,ssp585,2060,105.28049365
NorESM2-MM,ssp585,2061,46.62868268
NorESM2-MM,ssp585,2062,73.61100848
NorESM2-MM,ssp585,2063,35.81901322
NorESM2-MM,ssp585,2064,104.68227327
NorESM2-MM,ssp585,2065,66.94032774
NorESM2-MM,ssp585,2066,103.13709881
NorESM2-MM,ssp585,2067,144.36167110
NorESM2-MM,ssp585,2068,69.79220321
NorESM2-MM,ssp585,2069,29.02648071
NorESM2-MM,ssp585,2070,124.46488853
NorESM2-MM,ssp585,2071,84.49438728
NorESM2-MM,ssp585,2072,108.48658118
NorESM2-MM,ssp585,2073,84.05450279
NorESM2-MM,ssp585,2074,95.84622287
NorESM2-MM,ssp585,2075,113.07173638
NorESM2-MM,ssp585,2076,139.03836771
NorESM2-MM,ssp585,2077,103.97884796
NorESM2-MM,ssp585,2078,80.93834025
NorESM2-MM,ssp585,2079,53.24135743
NorESM2-MM,ssp585,2080,72.37930665
NorESM2-MM,ssp585,2081,71.57007177
NorESM2-MM,ssp585,2082,61.65492839
NorESM2-MM,ssp585,2083,72.43877832
NorESM2-MM,ssp585,2084,68.82570879
NorESM2-MM,ssp585,2085,64.88402546
NorESM2-MM,ssp585,2086,69.22393626
NorESM2-MM,ssp585,2087,114.23108164
NorESM2-MM,ssp585,2088,98.13305236
NorESM2-MM,ssp585,2089,95.63691155
NorESM2-MM,ssp585,2090,125.16601821
NorESM2-MM,ssp585,2091,111.88069905
NorESM2-MM,ssp585,2092,55.48148985
NorESM2-MM,ssp585,2093,129.82125873
NorESM2-MM,ssp585,2094,115.23750333
NorESM2-MM,ssp585,2095,171.01836008
NorESM2-MM,ssp585,2096,91.96198375
NorESM2-MM,ssp585,2097,61.37104585
NorESM2-MM,ssp585,2098,90.89332498
NorESM2-MM,ssp585,2099,125.43678390
