model,experiment,year,sfcWind
ACCESS-CM2,historical,1960,8.11827183
ACCESS-CM2,historical,1961,7.82206202
ACCESS-CM2,historical,1962,7.98724890
ACCESS-CM2,historical,1963,7.97452879
ACCESS-CM2,historical,1964,8.26479816
ACCESS-CM2,historical,1965,7.87439680
ACCESS-CM2,historical,1966,7.95999765
ACCESS-CM2,historical,1967,7.91119576
ACCESS-CM2,historical,1968,7.75023413
ACCESS-CM2,historical,1969,7.79892206
ACCESS-CM2,historical,1970,7.89577103
ACCESS-CM2,historical,1971,7.75461769
ACCESS-CM2,historical,1972,8.07999992
ACCESS-CM2,historical,1973,7.69708061
ACCESS-CM2,historical,1974,8.12769604
ACCESS-CM2,historical,1975,8.33187389
ACCESS-CM2,historical,1976,7.76472330
ACCESS-CM2,historical,1977,7.88609362
ACCESS-CM2,historical,1978,7.95422316
ACCESS-CM2,historical,1979,7.79016304
ACCESS-CM2,historical,1980,7.87267733
ACCESS-CM2,historical,1981,7.88078451
ACCESS-CM2,historical,1982,8.10666847
ACCESS-CM2,historical,1983,7.80226898
ACCESS-CM2,historical,1984,7.82162333
ACCESS-CM2,historical,1985,7.82734442
ACCESS-CM2,historical,1986,7.87002611
ACCESS-CM2,historical,1987,7.59640503
ACCESS-CM2,historical,1988,8.01742744
ACCESS-CM2,historical,1989,7.88445663
ACCESS-CM2,historical,1990,7.97287941
ACCESS-CM2,historical,1991,7.97432947
ACCESS-CM2,historical,1992,7.95911837
ACCESS-CM2,historical,1993,7.61818743
ACCESS-CM2,historical,1994,7.85180283
ACCESS-CM2,historical,1995,7.77588463
ACCESS-CM2,historical,1996,7.84613991
ACCESS-CM2,historical,1997,7.73566866
ACCESS-CM2,historical,1998,7.98326254
ACCESS-CM2,historical,1999,8.00164604
ACCESS-CM2,historical,2000,8.10131931
ACCESS-CM2,historical,2001,7.93634987
ACCESS-CM2,historical,2002,7.90022993
ACCESS-CM2,historical,2003,7.71181440
ACCESS-CM2,historical,2004,7.62439013
ACCESS-CM2,historical,2005,7.71881723
ACCESS-CM2,historical,2006,7.78744173
ACCESS-CM2,historical,2007,8.04741383
ACCESS-CM2,historical,2008,8.26723480
ACCESS-CM2,historical,2009,8.01245499
ACCESS-CM2,historical,2010,8.01279926
ACCESS-CM2,historical,2011,8.05137539
ACCESS-CM2,historical,2012,7.91315269
ACCESS-CM2,historical,2013,7.69692802
ACCESS-CM2,historical,2014,8.05615711
ACCESS-CM2,ssp126,2015,7.82256651
ACCESS-CM2,ssp126,2016,8.02472973
ACCESS-CM2,ssp126,2017,8.05696201
ACCESS-CM2,ssp126,2018,7.85270739
ACCESS-CM2,ssp126,2019,7.80746841
ACCESS-CM2,ssp126,2020,8.11092281
ACCESS-CM2,ssp126,2021,7.97575426
ACCESS-CM2,ssp126,2022,7.90575933
ACCESS-CM2,ssp126,2023,7.77316713
ACCESS-CM2,ssp126,2024,8.10821533
ACCESS-CM2,ssp126,2025,8.03040218
ACCESS-CM2,ssp126,2026,8.10676575
ACCESS-CM2,ssp126,2027,7.83645773
ACCESS-CM2,ssp126,2028,7.76772833
ACCESS-CM2,ssp126,2029,7.99281502
ACCESS-CM2,ssp126,2030,7.76174688
ACCESS-CM2,ssp126,2031,8.24181747
ACCESS-CM2,ssp126,2032,7.83460236
ACCESS-CM2,ssp126,2033,7.85657740
ACCESS-CM2,ssp126,2034,8.00534534
ACCESS-CM2,ssp126,2035,7.76774931
ACCESS-CM2,ssp126,2036,7.90460825
ACCESS-CM2,ssp126,2037,8.00334263
ACCESS-CM2,ssp126,2038,7.94942999
ACCESS-CM2,ssp126,2039,7.80558777
ACCESS-CM2,ssp126,2040,7.67593575
ACCESS-CM2,ssp126,2041,7.96534348
ACCESS-CM2,ssp126,2042,7.85375834
ACCESS-CM2,ssp126,2043,7.64119291
ACCESS-CM2,ssp126,2044,7.71418142
ACCESS-CM2,ssp126,2045,8.00550652
ACCESS-CM2,ssp126,2046,7.83383179
ACCESS-CM2,ssp126,2047,7.81298304
ACCESS-CM2,ssp126,2048,7.98118210
ACCESS-CM2,ssp126,2049,7.73902845
ACCESS-CM2,ssp126,2050,8.10313892
ACCESS-CM2,ssp126,2051,7.80170584
ACCESS-CM2,ssp126,2052,7.83953714
ACCESS-CM2,ssp126,2053,7.92787313
ACCESS-CM2,ssp126,2054,7.78526306
ACCESS-CM2,ssp126,2055,7.65268564
ACCESS-CM2,ssp126,2056,7.61346054
ACCESS-CM2,ssp126,2057,7.94448137
ACCESS-CM2,ssp126,2058,7.93759394
ACCESS-CM2,ssp126,2059,7.80049181
ACCESS-CM2,ssp126,2060,7.97112083
ACCESS-CM2,ssp126,2061,7.78837156
ACCESS-CM2,ssp126,2062,7.88574839
ACCESS-CM2,ssp126,2063,8.06579113
ACCESS-CM2,ssp126,2064,7.72777367
ACCESS-CM2,ssp126,2065,7.91188812
ACCESS-CM2,ssp126,2066,7.82424164
ACCESS-CM2,ssp126,2067,7.84831476
ACCESS-CM2,ssp126,2068,7.73415375
ACCESS-CM2,ssp126,2069,7.56185532
ACCESS-CM2,ssp126,2070,7.94187021
ACCESS-CM2,ssp126,2071,7.79842377
ACCESS-CM2,ssp126,2072,7.89531469
ACCESS-CM2,ssp126,2073,7.79042673
ACCESS-CM2,ssp126,2074,7.90916395
ACCESS-CM2,ssp126,2075,8.05121136
ACCESS-CM2,ssp126,2076,7.77189064
ACCESS-CM2,ssp126,2077,7.72458649
ACCESS-CM2,ssp126,2078,7.58876610
ACCESS-CM2,ssp126,2079,7.78170395
ACCESS-CM2,ssp126,2080,8.03120327
ACCESS-CM2,ssp126,2081,7.78071356
ACCESS-CM2,ssp126,2082,7.82382011
ACCESS-CM2,ssp126,2083,8.02724934
ACCESS-CM2,ssp126,2084,8.10509014
ACCESS-CM2,ssp126,2085,7.83848619
ACCESS-CM2,ssp126,2086,7.86988497
ACCESS-CM2,ssp126,2087,7.72229242
ACCESS-CM2,ssp126,2088,7.79465103
ACCESS-CM2,ssp126,2089,7.84935236
ACCESS-CM2,ssp126,2090,8.15680408
ACCESS-CM2,ssp126,2091,7.83480787
ACCESS-CM2,ssp126,2092,7.69588900
ACCESS-CM2,ssp126,2093,7.64119291
ACCESS-CM2,ssp126,2094,7.75720549
ACCESS-CM2,ssp126,2095,8.24776554
ACCESS-CM2,ssp126,2096,7.95743561
ACCESS-CM2,ssp126,2097,7.96963310
ACCESS-CM2,ssp126,2098,7.52197409
ACCESS-CM2,ssp126,2099,7.77360487
ACCESS-CM2,ssp126,2100,7.84422112
ACCESS-CM2,ssp245,2015,7.91393995
ACCESS-CM2,ssp245,2016,8.21730042
ACCESS-CM2,ssp245,2017,7.69233561
ACCESS-CM2,ssp245,2018,7.99143600
ACCESS-CM2,ssp245,2019,7.98532486
ACCESS-CM2,ssp245,2020,7.73712969
ACCESS-CM2,ssp245,2021,7.88578796
ACCESS-CM2,ssp245,2022,7.83376884
ACCESS-CM2,ssp245,2023,8.18525028
ACCESS-CM2,ssp245,2024,8.04455280
ACCESS-CM2,ssp245,2025,7.73897505
ACCESS-CM2,ssp245,2026,7.77948236
ACCESS-CM2,ssp245,2027,7.66657782
ACCESS-CM2,ssp245,2028,8.11761189
ACCESS-CM2,ssp245,2029,8.04731274
ACCESS-CM2,ssp245,2030,7.84797478
ACCESS-CM2,ssp245,2031,7.99016714
ACCESS-CM2,ssp245,2032,7.82708788
ACCESS-CM2,ssp245,2033,7.77918053
ACCESS-CM2,ssp245,2034,7.72778273
ACCESS-CM2,ssp245,2035,7.87580156
ACCESS-CM2,ssp245,2036,7.74706650
ACCESS-CM2,ssp245,2037,7.82923889
ACCESS-CM2,ssp245,2038,7.78755331
ACCESS-CM2,ssp245,2039,7.72563219
ACCESS-CM2,ssp245,2040,7.63142586
ACCESS-CM2,ssp245,2041,7.79589510
ACCESS-CM2,ssp245,2042,7.92542791
ACCESS-CM2,ssp245,2043,7.71759033
ACCESS-CM2,ssp245,2044,8.21455288
ACCESS-CM2,ssp245,2045,7.87887955
ACCESS-CM2,ssp245,2046,7.92061996
ACCESS-CM2,ssp245,2047,7.80184507
ACCESS-CM2,ssp245,2048,7.88709641
ACCESS-CM2,ssp245,2049,8.14489079
ACCESS-CM2,ssp245,2050,7.56524897
ACCESS-CM2,ssp245,2051,7.75361633
ACCESS-CM2,ssp245,2052,7.89363670
ACCESS-CM2,ssp245,2053,7.58777761
ACCESS-CM2,ssp245,2054,7.98547316
ACCESS-CM2,ssp245,2055,7.72298193
ACCESS-CM2,ssp245,2056,7.67169189
ACCESS-CM2,ssp245,2057,7.60892916
ACCESS-CM2,ssp245,2058,7.94871664
ACCESS-CM2,ssp245,2059,7.78838015
ACCESS-CM2,ssp245,2060,7.72480202
ACCESS-CM2,ssp245,2061,7.89018202
ACCESS-CM2,ssp245,2062,7.72708511
ACCESS-CM2,ssp245,2063,7.78270721
ACCESS-CM2,ssp245,2064,7.54874039
ACCESS-CM2,ssp245,2065,7.92698908
ACCESS-CM2,ssp245,2066,7.72811174
ACCESS-CM2,ssp245,2067,7.58785248
ACCESS-CM2,ssp245,2068,7.77514887
ACCESS-CM2,ssp245,2069,7.71330261
ACCESS-CM2,ssp245,2070,7.68345070
ACCESS-CM2,ssp245,2071,7.92906713
ACCESS-CM2,ssp245,2072,7.67592049
ACCESS-CM2,ssp245,2073,7.74864912
ACCESS-CM2,ssp245,2074,7.55549669
ACCESS-CM2,ssp245,2075,7.96221304
ACCESS-CM2,ssp245,2076,7.50697660
ACCESS-CM2,ssp245,2077,7.85802078
ACCESS-CM2,ssp245,2078,7.70212746
ACCESS-CM2,ssp245,2079,7.77872705
ACCESS-CM2,ssp245,2080,7.63382721
ACCESS-CM2,ssp245,2081,7.95313406
ACCESS-CM2,ssp245,2082,7.96924639
ACCESS-CM2,ssp245,2083,7.73873663
ACCESS-CM2,ssp245,2084,7.92047358
ACCESS-CM2,ssp245,2085,7.96015024
ACCESS-CM2,ssp245,2086,7.95993471
ACCESS-CM2,ssp245,2087,7.67741728
ACCESS-CM2,ssp245,2088,7.98129511
ACCESS-CM2,ssp245,2089,7.77854300
ACCESS-CM2,ssp245,2090,7.65161848
ACCESS-CM2,ssp245,2091,7.59985971
ACCESS-CM2,ssp245,2092,7.63991594
ACCESS-CM2,ssp245,2093,7.47198153
ACCESS-CM2,ssp245,2094,7.53541756
ACCESS-CM2,ssp245,2095,7.69201899
ACCESS-CM2,ssp245,2096,7.79905748
ACCESS-CM2,ssp245,2097,7.83534765
ACCESS-CM2,ssp245,2098,7.53546953
ACCESS-CM2,ssp245,2099,7.54311132
ACCESS-CM2,ssp245,2100,7.66105986
ACCESS-CM2,ssp370,2015,7.88016129
ACCESS-CM2,ssp370,2016,8.02936459
ACCESS-CM2,ssp370,2017,8.23725986
ACCESS-CM2,ssp370,2018,8.05765820
ACCESS-CM2,ssp370,2019,7.75306654
ACCESS-CM2,ssp370,2020,8.05577564
ACCESS-CM2,ssp370,2021,7.95287371
ACCESS-CM2,ssp370,2022,7.83199835
ACCESS-CM2,ssp370,2023,7.84992933
ACCESS-CM2,ssp370,2024,7.59210062
ACCESS-CM2,ssp370,2025,7.93873787
ACCESS-CM2,ssp370,2026,7.95037031
ACCESS-CM2,ssp370,2027,7.86625719
ACCESS-CM2,ssp370,2028,7.77808714
ACCESS-CM2,ssp370,2029,7.71514940
ACCESS-CM2,ssp370,2030,7.82850218
ACCESS-CM2,ssp370,2031,7.83017349
ACCESS-CM2,ssp370,2032,8.05733395
ACCESS-CM2,ssp370,2033,7.73437452
ACCESS-CM2,ssp370,2034,7.63490248
ACCESS-CM2,ssp370,2035,7.91639566
ACCESS-CM2,ssp370,2036,7.59916353
ACCESS-CM2,ssp370,2037,7.66341019
ACCESS-CM2,ssp370,2038,7.84666491
ACCESS-CM2,ssp370,2039,8.13971806
ACCESS-CM2,ssp370,2040,7.67365456
ACCESS-CM2,ssp370,2041,7.92654991
ACCESS-CM2,ssp370,2042,7.91239548
ACCESS-CM2,ssp370,2043,8.07799244
ACCESS-CM2,ssp370,2044,7.85554838
ACCESS-CM2,ssp370,2045,7.65941477
ACCESS-CM2,ssp370,2046,7.56339645
ACCESS-CM2,ssp370,2047,7.97464228
ACCESS-CM2,ssp370,2048,7.76079607
ACCESS-CM2,ssp370,2049,7.71125269
ACCESS-CM2,ssp370,2050,7.72532654
ACCESS-CM2,ssp370,2051,7.65564203
ACCESS-CM2,ssp370,2052,7.47329187
ACCESS-CM2,ssp370,2053,7.64171028
ACCESS-CM2,ssp370,2054,7.97438097
ACCESS-CM2,ssp370,2055,7.87214899
ACCESS-CM2,ssp370,2056,7.73668051
ACCESS-CM2,ssp370,2057,7.85074854
ACCESS-CM2,ssp370,2058,7.85137558
ACCESS-CM2,ssp370,2059,7.73205328
ACCESS-CM2,ssp370,2060,7.60688066
ACCESS-CM2,ssp370,2061,7.75384760
ACCESS-CM2,ssp370,2062,7.87091017
ACCESS-CM2,ssp370,2063,7.78782988
ACCESS-CM2,ssp370,2064,7.90296793
ACCESS-CM2,ssp370,2065,7.98579073
ACCESS-CM2,ssp370,2066,7.85540199
ACCESS-CM2,ssp370,2067,7.72020912
ACCESS-CM2,ssp370,2068,7.70953417
ACCESS-CM2,ssp370,2069,8.01078796
ACCESS-CM2,ssp370,2070,7.80136919
ACCESS-CM2,ssp370,2071,7.64265108
ACCESS-CM2,ssp370,2072,7.70563269
ACCESS-CM2,ssp370,2073,7.54925203
ACCESS-CM2,ssp370,2074,7.86315012
ACCESS-CM2,ssp370,2075,7.55525398
ACCESS-CM2,ssp370,2076,7.65073824
ACCESS-CM2,ssp370,2077,7.72289610
ACCESS-CM2,ssp370,2078,7.82193995
ACCESS-CM2,ssp370,2079,7.61218214
ACCESS-CM2,ssp370,2080,7.76073313
ACCESS-CM2,ssp370,2081,7.55857325
ACCESS-CM2,ssp370,2082,7.76208448
ACCESS-CM2,ssp370,2083,7.88673973
ACCESS-CM2,ssp370,2084,7.56343079
ACCESS-CM2,ssp370,2085,7.70855141
ACCESS-CM2,ssp370,2086,7.40629768
ACCESS-CM2,ssp370,2087,7.75345850
ACCESS-CM2,ssp370,2088,7.55717468
ACCESS-CM2,ssp370,2089,7.72536850
ACCESS-CM2,ssp370,2090,7.58161783
ACCESS-CM2,ssp370,2091,7.72839928
ACCESS-CM2,ssp370,2092,7.59310770
ACCESS-CM2,ssp370,2093,7.85343409
ACCESS-CM2,ssp370,2094,7.71155882
ACCESS-CM2,ssp370,2095,7.50855494
ACCESS-CM2,ssp370,2096,7.68621635
ACCESS-CM2,ssp370,2097,7.44652128
ACCESS-CM2,ssp370,2098,7.75192785
ACCESS-CM2,ssp370,2099,7.70471954
ACCESS-CM2,ssp370,2100,7.24568367
ACCESS-CM2,ssp585,2015,7.89397240
ACCESS-CM2,ssp585,2016,7.78690958
ACCESS-CM2,ssp585,2017,8.27200985
ACCESS-CM2,ssp585,2018,8.05289268
ACCESS-CM2,ssp585,2019,7.92320442
ACCESS-CM2,ssp585,2020,8.04047298
ACCESS-CM2,ssp585,2021,8.05740356
ACCESS-CM2,ssp585,2022,8.02838707
ACCESS-CM2,ssp585,2023,8.10020351
ACCESS-CM2,ssp585,2024,7.97023773
ACCESS-CM2,ssp585,2025,7.76760101
ACCESS-CM2,ssp585,2026,7.89593124
ACCESS-CM2,ssp585,2027,7.97523117
ACCESS-CM2,ssp585,2028,7.69063950
ACCESS-CM2,ssp585,2029,7.53741217
ACCESS-CM2,ssp585,2030,7.85015488
ACCESS-CM2,ssp585,2031,7.96092224
ACCESS-CM2,ssp585,2032,7.86294413
ACCESS-CM2,ssp585,2033,7.98664284
ACCESS-CM2,ssp585,2034,7.70423126
ACCESS-CM2,ssp585,2035,7.82513666
ACCESS-CM2,ssp585,2036,7.91626406
ACCESS-CM2,ssp585,2037,7.70867395
ACCESS-CM2,ssp585,2038,7.84232378
ACCESS-CM2,ssp585,2039,7.71129751
ACCESS-CM2,ssp585,2040,7.89318895
ACCESS-CM2,ssp585,2041,7.79576111
ACCESS-CM2,ssp585,2042,7.82787180
ACCESS-CM2,ssp585,2043,7.65850639
ACCESS-CM2,ssp585,2044,8.16005039
ACCESS-CM2,ssp585,2045,7.80329323
ACCESS-CM2,ssp585,2046,7.93121719
ACCESS-CM2,ssp585,2047,7.66618919
ACCESS-CM2,ssp585,2048,7.96856165
ACCESS-CM2,ssp585,2049,7.68181562
ACCESS-CM2,ssp585,2050,7.66786814
ACCESS-CM2,ssp585,2051,7.78737402
ACCESS-CM2,ssp585,2052,7.63428831
ACCESS-CM2,ssp585,2053,8.08166027
ACCESS-CM2,ssp585,2054,7.58467436
ACCESS-CM2,ssp585,2055,7.92851830
ACCESS-CM2,ssp585,2056,7.62834597
ACCESS-CM2,ssp585,2057,7.68745279
ACCESS-CM2,ssp585,2058,7.64608812
ACCESS-CM2,ssp585,2059,7.69977903
ACCESS-CM2,ssp585,2060,8.03757477
ACCESS-CM2,ssp585,2061,8.04316330
ACCESS-CM2,ssp585,2062,7.74031258
ACCESS-CM2,ssp585,2063,7.61846352
ACCESS-CM2,ssp585,2064,7.59833097
ACCESS-CM2,ssp585,2065,7.60924196
ACCESS-CM2,ssp585,2066,7.73171091
ACCESS-CM2,ssp585,2067,7.92756701
ACCESS-CM2,ssp585,2068,7.79801559
ACCESS-CM2,ssp585,2069,7.82331133
ACCESS-CM2,ssp585,2070,7.60837030
ACCESS-CM2,ssp585,2071,7.78109694
ACCESS-CM2,ssp585,2072,7.59714079
ACCESS-CM2,ssp585,2073,7.48047018
ACCESS-CM2,ssp585,2074,7.60944605
ACCESS-CM2,ssp585,2075,8.03470707
ACCESS-CM2,ssp585,2076,7.76353073
ACCESS-CM2,ssp585,2077,7.87232208
ACCESS-CM2,ssp585,2078,7.86506462
ACCESS-CM2,ssp585,2079,7.57149696
ACCESS-CM2,ssp585,2080,7.92123365
ACCESS-CM2,ssp585,2081,7.88272476
ACCESS-CM2,ssp585,2082,7.66103697
ACCESS-CM2,ssp585,2083,7.76843596
ACCESS-CM2,ssp585,2084,7.82260370
ACCESS-CM2,ssp585,2085,7.81192970
ACCESS-CM2,ssp585,2086,7.62936258
ACCESS-CM2,ssp585,2087,7.41093254
ACCESS-CM2,ssp585,2088,7.54310369
ACCESS-CM2,ssp585,2089,7.65052414
ACCESS-CM2,ssp585,2090,7.67981482
ACCESS-CM2,ssp585,2091,7.53469992
ACCESS-CM2,ssp585,2092,7.77812958
ACCESS-CM2,ssp585,2093,7.47945976
ACCESS-CM2,ssp585,2094,7.69227839
ACCESS-CM2,ssp585,2095,7.29337692
ACCESS-CM2,ssp585,2096,7.70219946
ACCESS-CM2,ssp585,2097,7.63700914
ACCESS-CM2,ssp585,2098,7.68917990
ACCESS-CM2,ssp585,2099,7.59581232
ACCESS-CM2,ssp585,2100,7.52182961
AWI-CM-1-1-MR,historical,1960,8.26111221
AWI-CM-1-1-MR,historical,1961,8.71009254
AWI-CM-1-1-MR,historical,1962,8.66194630
AWI-CM-1-1-MR,historical,1963,8.78196621
AWI-CM-1-1-MR,historical,1964,8.66829777
AWI-CM-1-1-MR,historical,1965,8.63673496
AWI-CM-1-1-MR,historical,1966,8.59917736
AWI-CM-1-1-MR,historical,1967,8.72451496
AWI-CM-1-1-MR,historical,1968,8.23289204
AWI-CM-1-1-MR,historical,1969,8.42832851
AWI-CM-1-1-MR,historical,1970,8.71161461
AWI-CM-1-1-MR,historical,1971,8.17239285
AWI-CM-1-1-MR,historical,1972,8.58128071
AWI-CM-1-1-MR,historical,1973,8.45876026
AWI-CM-1-1-MR,historical,1974,8.65232182
AWI-CM-1-1-MR,historical,1975,8.85404301
AWI-CM-1-1-MR,historical,1976,8.58121395
AWI-CM-1-1-MR,historical,1977,8.70313454
AWI-CM-1-1-MR,historical,1978,8.59573650
AWI-CM-1-1-MR,historical,1979,9.05759144
AWI-CM-1-1-MR,historical,1980,8.61881733
AWI-CM-1-1-MR,historical,1981,8.89602566
AWI-CM-1-1-MR,historical,1982,8.43338776
AWI-CM-1-1-MR,historical,1983,8.52666759
AWI-CM-1-1-MR,historical,1984,8.59741592
AWI-CM-1-1-MR,historical,1985,8.18905640
AWI-CM-1-1-MR,historical,1986,8.44422054
AWI-CM-1-1-MR,historical,1987,8.47717571
AWI-CM-1-1-MR,historical,1988,8.53881741
AWI-CM-1-1-MR,historical,1989,8.98857498
AWI-CM-1-1-MR,historical,1990,8.59784031
AWI-CM-1-1-MR,historical,1991,9.01945686
AWI-CM-1-1-MR,historical,1992,8.66146183
AWI-CM-1-1-MR,historical,1993,8.79271126
AWI-CM-1-1-MR,historical,1994,8.59963703
AWI-CM-1-1-MR,historical,1995,8.58089733
AWI-CM-1-1-MR,historical,1996,8.54480934
AWI-CM-1-1-MR,historical,1997,8.56154156
AWI-CM-1-1-MR,historical,1998,8.48508739
AWI-CM-1-1-MR,historical,1999,8.80483532
AWI-CM-1-1-MR,historical,2000,8.60015297
AWI-CM-1-1-MR,historical,2001,8.40251541
AWI-CM-1-1-MR,historical,2002,8.44337177
AWI-CM-1-1-MR,historical,2003,8.74482632
AWI-CM-1-1-MR,historical,2004,8.93417454
AWI-CM-1-1-MR,historical,2005,8.72682667
AWI-CM-1-1-MR,historical,2006,8.89144611
AWI-CM-1-1-MR,historical,2007,8.57909489
AWI-CM-1-1-MR,historical,2008,8.71916962
AWI-CM-1-1-MR,historical,2009,8.80738926
AWI-CM-1-1-MR,historical,2010,8.49349880
AWI-CM-1-1-MR,historical,2011,8.86236382
AWI-CM-1-1-MR,historical,2012,8.45456791
AWI-CM-1-1-MR,historical,2013,8.33235455
AWI-CM-1-1-MR,historical,2014,8.46359825
AWI-CM-1-1-MR,ssp126,2015,8.75899601
AWI-CM-1-1-MR,ssp126,2016,8.47807598
AWI-CM-1-1-MR,ssp126,2017,8.31986904
AWI-CM-1-1-MR,ssp126,2018,8.35303783
AWI-CM-1-1-MR,ssp126,2019,8.67486191
AWI-CM-1-1-MR,ssp126,2020,8.90983963
AWI-CM-1-1-MR,ssp126,2021,8.63433933
AWI-CM-1-1-MR,ssp126,2022,8.84547520
AWI-CM-1-1-MR,ssp126,2023,8.57900429
AWI-CM-1-1-MR,ssp126,2024,8.67860126
AWI-CM-1-1-MR,ssp126,2025,8.76791000
AWI-CM-1-1-MR,ssp126,2026,9.05006123
AWI-CM-1-1-MR,ssp126,2027,8.75664711
AWI-CM-1-1-MR,ssp126,2028,8.72060108
AWI-CM-1-1-MR,ssp126,2029,8.79034042
AWI-CM-1-1-MR,ssp126,2030,9.07326889
AWI-CM-1-1-MR,ssp126,2031,8.71761227
AWI-CM-1-1-MR,ssp126,2032,8.87484264
AWI-CM-1-1-MR,ssp126,2033,8.62419128
AWI-CM-1-1-MR,ssp126,2034,8.79353237
AWI-CM-1-1-MR,ssp126,2035,8.45954895
AWI-CM-1-1-MR,ssp126,2036,8.25240135
AWI-CM-1-1-MR,ssp126,2037,8.27237225
AWI-CM-1-1-MR,ssp126,2038,8.65632534
AWI-CM-1-1-MR,ssp126,2039,8.41012669
AWI-CM-1-1-MR,ssp126,2040,8.27939320
AWI-CM-1-1-MR,ssp126,2041,8.55683517
AWI-CM-1-1-MR,ssp126,2042,8.84393215
AWI-CM-1-1-MR,ssp126,2043,8.63264656
AWI-CM-1-1-MR,ssp126,2044,8.64089489
AWI-CM-1-1-MR,ssp126,2045,8.60734844
AWI-CM-1-1-MR,ssp126,2046,8.81436825
AWI-CM-1-1-MR,ssp126,2047,8.48557377
AWI-CM-1-1-MR,ssp126,2048,9.01954937
AWI-CM-1-1-MR,ssp126,2049,8.45436001
AWI-CM-1-1-MR,ssp126,2050,8.37281704
AWI-CM-1-1-MR,ssp126,2051,8.38155270
AWI-CM-1-1-MR,ssp126,2052,8.43712234
AWI-CM-1-1-MR,ssp126,2053,8.36912441
AWI-CM-1-1-MR,ssp126,2054,8.26286507
AWI-CM-1-1-MR,ssp126,2055,8.58743095
AWI-CM-1-1-MR,ssp126,2056,8.49661446
AWI-CM-1-1-MR,ssp126,2057,8.47497845
AWI-CM-1-1-MR,ssp126,2058,8.24048328
AWI-CM-1-1-MR,ssp126,2059,8.36425400
AWI-CM-1-1-MR,ssp126,2060,8.52824306
AWI-CM-1-1-MR,ssp126,2061,8.53595924
AWI-CM-1-1-MR,ssp126,2062,8.60458660
AWI-CM-1-1-MR,ssp126,2063,8.64311886
AWI-CM-1-1-MR,ssp126,2064,8.64571095
AWI-CM-1-1-MR,ssp126,2065,8.59965992
AWI-CM-1-1-MR,ssp126,2066,8.52942944
AWI-CM-1-1-MR,ssp126,2067,8.43488884
AWI-CM-1-1-MR,ssp126,2068,8.61213684
AWI-CM-1-1-MR,ssp126,2069,8.47044373
AWI-CM-1-1-MR,ssp126,2070,8.97726345
AWI-CM-1-1-MR,ssp126,2071,8.53636456
AWI-CM-1-1-MR,ssp126,2072,8.76109219
AWI-CM-1-1-MR,ssp126,2073,8.49776554
AWI-CM-1-1-MR,ssp126,2074,8.20501614
AWI-CM-1-1-MR,ssp126,2075,8.76967335
AWI-CM-1-1-MR,ssp126,2076,8.43102360
AWI-CM-1-1-MR,ssp126,2077,8.31371212
AWI-CM-1-1-MR,ssp126,2078,8.35287762
AWI-CM-1-1-MR,ssp126,2079,8.48151398
AWI-CM-1-1-MR,ssp126,2080,8.64330387
AWI-CM-1-1-MR,ssp126,2081,8.81043625
AWI-CM-1-1-MR,ssp126,2082,8.85719013
AWI-CM-1-1-MR,ssp126,2083,8.65001202
AWI-CM-1-1-MR,ssp126,2084,8.61196709
AWI-CM-1-1-MR,ssp126,2085,8.58279514
AWI-CM-1-1-MR,ssp126,2086,8.55682659
AWI-CM-1-1-MR,ssp126,2087,8.70582581
AWI-CM-1-1-MR,ssp126,2088,8.74371052
AWI-CM-1-1-MR,ssp126,2089,8.93383121
AWI-CM-1-1-MR,ssp126,2090,8.93697739
AWI-CM-1-1-MR,ssp126,2091,8.25938129
AWI-CM-1-1-MR,ssp126,2092,8.48098564
AWI-CM-1-1-MR,ssp126,2093,8.57597256
AWI-CM-1-1-MR,ssp126,2094,8.51425552
AWI-CM-1-1-MR,ssp126,2095,8.73547459
AWI-CM-1-1-MR,ssp126,2096,8.93316078
AWI-CM-1-1-MR,ssp126,2097,8.18166065
AWI-CM-1-1-MR,ssp126,2098,8.57340336
AWI-CM-1-1-MR,ssp126,2099,8.91502094
AWI-CM-1-1-MR,ssp126,2100,8.72887993
AWI-CM-1-1-MR,ssp245,2015,8.41014481
AWI-CM-1-1-MR,ssp245,2016,8.66268444
AWI-CM-1-1-MR,ssp245,2017,8.73205662
AWI-CM-1-1-MR,ssp245,2018,9.01982784
AWI-CM-1-1-MR,ssp245,2019,8.53021145
AWI-CM-1-1-MR,ssp245,2020,8.67583561
AWI-CM-1-1-MR,ssp245,2021,9.13915730
AWI-CM-1-1-MR,ssp245,2022,8.10545635
AWI-CM-1-1-MR,ssp245,2023,8.34020042
AWI-CM-1-1-MR,ssp245,2024,8.34305573
AWI-CM-1-1-MR,ssp245,2025,8.14762306
AWI-CM-1-1-MR,ssp245,2026,8.18597984
AWI-CM-1-1-MR,ssp245,2027,8.72936630
AWI-CM-1-1-MR,ssp245,2028,8.69617081
AWI-CM-1-1-MR,ssp245,2029,8.49120426
AWI-CM-1-1-MR,ssp245,2030,8.56808949
AWI-CM-1-1-MR,ssp245,2031,8.32578182
AWI-CM-1-1-MR,ssp245,2032,8.61626530
AWI-CM-1-1-MR,ssp245,2033,8.61360264
AWI-CM-1-1-MR,ssp245,2034,8.72014332
AWI-CM-1-1-MR,ssp245,2035,8.38918877
AWI-CM-1-1-MR,ssp245,2036,8.40924549
AWI-CM-1-1-MR,ssp245,2037,8.35600853
AWI-CM-1-1-MR,ssp245,2038,8.63759327
AWI-CM-1-1-MR,ssp245,2039,8.36932182
AWI-CM-1-1-MR,ssp245,2040,8.60331249
AWI-CM-1-1-MR,ssp245,2041,8.66044903
AWI-CM-1-1-MR,ssp245,2042,8.75001907
AWI-CM-1-1-MR,ssp245,2043,8.36965656
AWI-CM-1-1-MR,ssp245,2044,8.55496311
AWI-CM-1-1-MR,ssp245,2045,8.76039028
AWI-CM-1-1-MR,ssp245,2046,8.38424015
AWI-CM-1-1-MR,ssp245,2047,8.58104229
AWI-CM-1-1-MR,ssp245,2048,8.61878872
AWI-CM-1-1-MR,ssp245,2049,8.54733467
AWI-CM-1-1-MR,ssp245,2050,8.09861660
AWI-CM-1-1-MR,ssp245,2051,8.78679276
AWI-CM-1-1-MR,ssp245,2052,8.38930225
AWI-CM-1-1-MR,ssp245,2053,8.71297455
AWI-CM-1-1-MR,ssp245,2054,8.93193722
AWI-CM-1-1-MR,ssp245,2055,8.33971500
AWI-CM-1-1-MR,ssp245,2056,8.37488365
AWI-CM-1-1-MR,ssp245,2057,8.66334724
AWI-CM-1-1-MR,ssp245,2058,8.46573544
AWI-CM-1-1-MR,ssp245,2059,8.36069298
AWI-CM-1-1-MR,ssp245,2060,8.81375694
AWI-CM-1-1-MR,ssp245,2061,8.32241154
AWI-CM-1-1-MR,ssp245,2062,8.34893322
AWI-CM-1-1-MR,ssp245,2063,8.64301777
AWI-CM-1-1-MR,ssp245,2064,8.85694695
AWI-CM-1-1-MR,ssp245,2065,8.37944317
AWI-CM-1-1-MR,ssp245,2066,8.45458603
AWI-CM-1-1-MR,ssp245,2067,8.69602680
AWI-CM-1-1-MR,ssp245,2068,8.32547569
AWI-CM-1-1-MR,ssp245,2069,8.66108418
AWI-CM-1-1-MR,ssp245,2070,8.36192417
AWI-CM-1-1-MR,ssp245,2071,8.40915012
AWI-CM-1-1-MR,ssp245,2072,8.24136639
AWI-CM-1-1-MR,ssp245,2073,7.99083281
AWI-CM-1-1-MR,ssp245,2074,8.29302788
AWI-CM-1-1-MR,ssp245,2075,8.38110352
AWI-CM-1-1-MR,ssp245,2076,8.23243427
AWI-CM-1-1-MR,ssp245,2077,8.23235798
AWI-CM-1-1-MR,ssp245,2078,9.00990963
AWI-CM-1-1-MR,ssp245,2079,8.18386078
AWI-CM-1-1-MR,ssp245,2080,8.17299557
AWI-CM-1-1-MR,ssp245,2081,8.39045048
AWI-CM-1-1-MR,ssp245,2082,8.56608486
AWI-CM-1-1-MR,ssp245,2083,8.63511372
AWI-CM-1-1-MR,ssp245,2084,8.32979012
AWI-CM-1-1-MR,ssp245,2085,8.65165806
AWI-CM-1-1-MR,ssp245,2086,8.19413853
AWI-CM-1-1-MR,ssp245,2087,8.44373417
AWI-CM-1-1-MR,ssp245,2088,8.67954159
AWI-CM-1-1-MR,ssp245,2089,8.81077671
AWI-CM-1-1-MR,ssp245,2090,8.66038990
AWI-CM-1-1-MR,ssp245,2091,8.66730595
AWI-CM-1-1-MR,ssp245,2092,8.17613506
AWI-CM-1-1-MR,ssp245,2093,8.32596588
AWI-CM-1-1-MR,ssp245,2094,8.47880650
AWI-CM-1-1-MR,ssp245,2095,8.19395828
AWI-CM-1-1-MR,ssp245,2096,8.48867607
AWI-CM-1-1-MR,ssp245,2097,8.64601326
AWI-CM-1-1-MR,ssp245,2098,8.25698948
AWI-CM-1-1-MR,ssp245,2099,8.17804718
AWI-CM-1-1-MR,ssp245,2100,8.28096294
AWI-CM-1-1-MR,ssp370,2015,8.51601505
AWI-CM-1-1-MR,ssp370,2016,8.68335056
AWI-CM-1-1-MR,ssp370,2017,8.30405807
AWI-CM-1-1-MR,ssp370,2018,8.81543350
AWI-CM-1-1-MR,ssp370,2019,8.52556133
AWI-CM-1-1-MR,ssp370,2020,8.37120247
AWI-CM-1-1-MR,ssp370,2021,8.24506569
AWI-CM-1-1-MR,ssp370,2022,8.94579315
AWI-CM-1-1-MR,ssp370,2023,8.83514500
AWI-CM-1-1-MR,ssp370,2024,8.39260960
AWI-CM-1-1-MR,ssp370,2025,8.44094563
AWI-CM-1-1-MR,ssp370,2026,8.51915646
AWI-CM-1-1-MR,ssp370,2027,8.69687653
AWI-CM-1-1-MR,ssp370,2028,8.72017097
AWI-CM-1-1-MR,ssp370,2029,8.43859863
AWI-CM-1-1-MR,ssp370,2030,8.64702415
AWI-CM-1-1-MR,ssp370,2031,8.59152317
AWI-CM-1-1-MR,ssp370,2032,8.86347866
AWI-CM-1-1-MR,ssp370,2033,8.80402184
AWI-CM-1-1-MR,ssp370,2034,8.65718174
AWI-CM-1-1-MR,ssp370,2035,8.49621487
AWI-CM-1-1-MR,ssp370,2036,9.14581966
AWI-CM-1-1-MR,ssp370,2037,8.48874283
AWI-CM-1-1-MR,ssp370,2038,8.07232571
AWI-CM-1-1-MR,ssp370,2039,8.48051167
AWI-CM-1-1-MR,ssp370,2040,8.82840633
AWI-CM-1-1-MR,ssp370,2041,8.75512981
AWI-CM-1-1-MR,ssp370,2042,8.39833355
AWI-CM-1-1-MR,ssp370,2043,8.47383499
AWI-CM-1-1-MR,ssp370,2044,8.54371548
AWI-CM-1-1-MR,ssp370,2045,8.74911594
AWI-CM-1-1-MR,ssp370,2046,8.51739025
AWI-CM-1-1-MR,ssp370,2047,8.53411484
AWI-CM-1-1-MR,ssp370,2048,8.62938786
AWI-CM-1-1-MR,ssp370,2049,8.69703770
AWI-CM-1-1-MR,ssp370,2050,8.54334545
AWI-CM-1-1-MR,ssp370,2051,8.56040573
AWI-CM-1-1-MR,ssp370,2052,8.24069309
AWI-CM-1-1-MR,ssp370,2053,8.60990620
AWI-CM-1-1-MR,ssp370,2054,8.50755501
AWI-CM-1-1-MR,ssp370,2055,8.22687149
AWI-CM-1-1-MR,ssp370,2056,8.70403385
AWI-CM-1-1-MR,ssp370,2057,8.59012508
AWI-CM-1-1-MR,ssp370,2058,8.46254063
AWI-CM-1-1-MR,ssp370,2059,8.34459400
AWI-CM-1-1-MR,ssp370,2060,8.76622486
AWI-CM-1-1-MR,ssp370,2061,8.24733067
AWI-CM-1-1-MR,ssp370,2062,8.33002377
AWI-CM-1-1-MR,ssp370,2063,8.47082138
AWI-CM-1-1-MR,ssp370,2064,8.72178078
AWI-CM-1-1-MR,ssp370,2065,8.40835667
AWI-CM-1-1-MR,ssp370,2066,8.26661873
AWI-CM-1-1-MR,ssp370,2067,8.21111107
AWI-CM-1-1-MR,ssp370,2068,8.32261562
AWI-CM-1-1-MR,ssp370,2069,8.42661667
AWI-CM-1-1-MR,ssp370,2070,8.35883331
AWI-CM-1-1-MR,ssp370,2071,8.33316422
AWI-CM-1-1-MR,ssp370,2072,8.58090115
AWI-CM-1-1-MR,ssp370,2073,8.50968456
AWI-CM-1-1-MR,ssp370,2074,8.47222996
AWI-CM-1-1-MR,ssp370,2075,8.44647598
AWI-CM-1-1-MR,ssp370,2076,8.30737019
AWI-CM-1-1-MR,ssp370,2077,8.33258343
AWI-CM-1-1-MR,ssp370,2078,8.45311451
AWI-CM-1-1-MR,ssp370,2079,8.32286263
AWI-CM-1-1-MR,ssp370,2080,8.55764294
AWI-CM-1-1-MR,ssp370,2081,8.55742359
AWI-CM-1-1-MR,ssp370,2082,8.58832645
AWI-CM-1-1-MR,ssp370,2083,8.40936565
AWI-CM-1-1-MR,ssp370,2084,8.67882061
AWI-CM-1-1-MR,ssp370,2085,8.63741779
AWI-CM-1-1-MR,ssp370,2086,8.50208378
AWI-CM-1-1-MR,ssp370,2087,8.34994030
AWI-CM-1-1-MR,ssp370,2088,8.23004436
AWI-CM-1-1-MR,ssp370,2089,8.07499313
AWI-CM-1-1-MR,ssp370,2090,8.19409466
AWI-CM-1-1-MR,ssp370,2091,8.02380657
AWI-CM-1-1-MR,ssp370,2092,8.61664581
AWI-CM-1-1-MR,ssp370,2093,8.43157673
AWI-CM-1-1-MR,ssp370,2094,8.41707039
AWI-CM-1-1-MR,ssp370,2095,8.30209827
AWI-CM-1-1-MR,ssp370,2096,7.95092058
AWI-CM-1-1-MR,ssp370,2097,8.53158283
AWI-CM-1-1-MR,ssp370,2098,8.58203602
AWI-CM-1-1-MR,ssp370,2099,8.16702938
AWI-CM-1-1-MR,ssp370,2100,8.81920338
AWI-CM-1-1-MR,ssp585,2015,8.65660191
AWI-CM-1-1-MR,ssp585,2016,8.88565159
AWI-CM-1-1-MR,ssp585,2017,8.70732212
AWI-CM-1-1-MR,ssp585,2018,8.94475174
AWI-CM-1-1-MR,ssp585,2019,8.25866985
AWI-CM-1-1-MR,ssp585,2020,8.88475132
AWI-CM-1-1-MR,ssp585,2021,8.50448799
AWI-CM-1-1-MR,ssp585,2022,8.52830505
AWI-CM-1-1-MR,ssp585,2023,8.77456951
AWI-CM-1-1-MR,ssp585,2024,8.61006069
AWI-CM-1-1-MR,ssp585,2025,8.45792103
AWI-CM-1-1-MR,ssp585,2026,8.15886593
AWI-CM-1-1-MR,ssp585,2027,8.49849319
AWI-CM-1-1-MR,ssp585,2028,8.64167404
AWI-CM-1-1-MR,ssp585,2029,8.19949818
AWI-CM-1-1-MR,ssp585,2030,9.16945553
AWI-CM-1-1-MR,ssp585,2031,8.65763950
AWI-CM-1-1-MR,ssp585,2032,8.55148792
AWI-CM-1-1-MR,ssp585,2033,8.84302616
AWI-CM-1-1-MR,ssp585,2034,8.64926243
AWI-CM-1-1-MR,ssp585,2035,8.44938374
AWI-CM-1-1-MR,ssp585,2036,8.42972279
AWI-CM-1-1-MR,ssp585,2037,8.66182327
AWI-CM-1-1-MR,ssp585,2038,8.52771282
AWI-CM-1-1-MR,ssp585,2039,8.43468571
AWI-CM-1-1-MR,ssp585,2040,8.49115658
AWI-CM-1-1-MR,ssp585,2041,8.74450016
AWI-CM-1-1-MR,ssp585,2042,8.27058125
AWI-CM-1-1-MR,ssp585,2043,8.47798252
AWI-CM-1-1-MR,ssp585,2044,8.65889645
AWI-CM-1-1-MR,ssp585,2045,8.37172794
AWI-CM-1-1-MR,ssp585,2046,8.40940857
AWI-CM-1-1-MR,ssp585,2047,8.77887630
AWI-CM-1-1-MR,ssp585,2048,8.85494328
AWI-CM-1-1-MR,ssp585,2049,8.57095909
AWI-CM-1-1-MR,ssp585,2050,8.47248459
AWI-CM-1-1-MR,ssp585,2051,8.48716450
AWI-CM-1-1-MR,ssp585,2052,8.73006725
AWI-CM-1-1-MR,ssp585,2053,8.43269634
AWI-CM-1-1-MR,ssp585,2054,8.61992741
AWI-CM-1-1-MR,ssp585,2055,8.64981270
AWI-CM-1-1-MR,ssp585,2056,8.42255116
AWI-CM-1-1-MR,ssp585,2057,8.68792725
AWI-CM-1-1-MR,ssp585,2058,8.66105938
AWI-CM-1-1-MR,ssp585,2059,8.60264587
AWI-CM-1-1-MR,ssp585,2060,8.39530373
AWI-CM-1-1-MR,ssp585,2061,8.30680275
AWI-CM-1-1-MR,ssp585,2062,9.00457478
AWI-CM-1-1-MR,ssp585,2063,8.52266693
AWI-CM-1-1-MR,ssp585,2064,8.43014812
AWI-CM-1-1-MR,ssp585,2065,8.49817848
AWI-CM-1-1-MR,ssp585,2066,8.66153431
AWI-CM-1-1-MR,ssp585,2067,8.62854099
AWI-CM-1-1-MR,ssp585,2068,8.56335640
AWI-CM-1-1-MR,ssp585,2069,8.33848476
AWI-CM-1-1-MR,ssp585,2070,8.60605145
AWI-CM-1-1-MR,ssp585,2071,8.21416283
AWI-CM-1-1-MR,ssp585,2072,8.41379356
AWI-CM-1-1-MR,ssp585,2073,8.77702904
AWI-CM-1-1-MR,ssp585,2074,8.41182423
AWI-CM-1-1-MR,ssp585,2075,8.33909893
AWI-CM-1-1-MR,ssp585,2076,8.52817631
AWI-CM-1-1-MR,ssp585,2077,8.58049107
AWI-CM-1-1-MR,ssp585,2078,7.94224119
AWI-CM-1-1-MR,ssp585,2079,8.13664913
AWI-CM-1-1-MR,ssp585,2080,8.45885086
AWI-CM-1-1-MR,ssp585,2081,8.35765648
AWI-CM-1-1-MR,ssp585,2082,8.34076118
AWI-CM-1-1-MR,ssp585,2083,8.81802464
AWI-CM-1-1-MR,ssp585,2084,8.26780987
AWI-CM-1-1-MR,ssp585,2085,8.64595509
AWI-CM-1-1-MR,ssp585,2086,8.66377354
AWI-CM-1-1-MR,ssp585,2087,8.38189220
AWI-CM-1-1-MR,ssp585,2088,8.27379513
AWI-CM-1-1-MR,ssp585,2089,8.65895462
AWI-CM-1-1-MR,ssp585,2090,8.55639267
AWI-CM-1-1-MR,ssp585,2091,8.37577343
AWI-CM-1-1-MR,ssp585,2092,8.20682335
AWI-CM-1-1-MR,ssp585,2093,8.48694134
AWI-CM-1-1-MR,ssp585,2094,8.44491863
AWI-CM-1-1-MR,ssp585,2095,8.57368469
AWI-CM-1-1-MR,ssp585,2096,8.28475094
AWI-CM-1-1-MR,ssp585,2097,8.49017906
AWI-CM-1-1-MR,ssp585,2098,8.58053207
AWI-CM-1-1-MR,ssp585,2099,8.28044510
AWI-CM-1-1-MR,ssp585,2100,8.32054806
CNRM-CM6-1,historical,1960,8.77769184
CNRM-CM6-1,historical,1961,8.62860203
CNRM-CM6-1,historical,1962,8.49387264
CNRM-CM6-1,historical,1963,8.79312611
CNRM-CM6-1,historical,1964,8.83141613
CNRM-CM6-1,historical,1965,8.90671253
CNRM-CM6-1,historical,1966,8.54694939
CNRM-CM6-1,historical,1967,8.73971653
CNRM-CM6-1,historical,1968,8.70211506
CNRM-CM6-1,historical,1969,8.79080963
CNRM-CM6-1,historical,1970,8.86390305
CNRM-CM6-1,historical,1971,8.62811375
CNRM-CM6-1,historical,1972,8.58998299
CNRM-CM6-1,historical,1973,8.99355030
CNRM-CM6-1,historical,1974,8.62422371
CNRM-CM6-1,historical,1975,8.59546471
CNRM-CM6-1,historical,1976,8.41999912
CNRM-CM6-1,historical,1977,8.89137650
CNRM-CM6-1,historical,1978,8.52333546
CNRM-CM6-1,historical,1979,8.68563175
CNRM-CM6-1,historical,1980,8.39535809
CNRM-CM6-1,historical,1981,8.47958851
CNRM-CM6-1,historical,1982,8.72002029
CNRM-CM6-1,historical,1983,8.28859138
CNRM-CM6-1,historical,1984,8.34892654
CNRM-CM6-1,historical,1985,8.66178036
CNRM-CM6-1,historical,1986,8.67303848
CNRM-CM6-1,historical,1987,8.74118328
CNRM-CM6-1,historical,1988,9.11650181
CNRM-CM6-1,historical,1989,8.98682690
CNRM-CM6-1,historical,1990,8.73037624
CNRM-CM6-1,historical,1991,8.57698536
CNRM-CM6-1,historical,1992,8.64943790
CNRM-CM6-1,historical,1993,9.04454708
CNRM-CM6-1,historical,1994,8.64868259
CNRM-CM6-1,historical,1995,8.43906879
CNRM-CM6-1,historical,1996,8.60191154
CNRM-CM6-1,historical,1997,9.04535198
CNRM-CM6-1,historical,1998,8.70016289
CNRM-CM6-1,historical,1999,9.03541279
CNRM-CM6-1,historical,2000,8.59457397
CNRM-CM6-1,historical,2001,8.74999714
CNRM-CM6-1,historical,2002,8.31756115
CNRM-CM6-1,historical,2003,8.71116638
CNRM-CM6-1,historical,2004,8.59116840
CNRM-CM6-1,historical,2005,8.90899944
CNRM-CM6-1,historical,2006,8.95825481
CNRM-CM6-1,historical,2007,8.67407513
CNRM-CM6-1,historical,2008,8.69853210
CNRM-CM6-1,historical,2009,8.68484211
CNRM-CM6-1,historical,2010,8.64120007
CNRM-CM6-1,historical,2011,8.56125736
CNRM-CM6-1,historical,2012,8.46047115
CNRM-CM6-1,historical,2013,8.83808613
CNRM-CM6-1,historical,2014,8.40993214
CNRM-CM6-1,ssp126,2015,8.60935307
CNRM-CM6-1,ssp126,2016,8.71388340
CNRM-CM6-1,ssp126,2017,8.72837067
CNRM-CM6-1,ssp126,2018,8.71267033
CNRM-CM6-1,ssp126,2019,8.89585972
CNRM-CM6-1,ssp126,2020,8.79449558
CNRM-CM6-1,ssp126,2021,8.48025990
CNRM-CM6-1,ssp126,2022,8.78057384
CNRM-CM6-1,ssp126,2023,8.87675381
CNRM-CM6-1,ssp126,2024,8.70310593
CNRM-CM6-1,ssp126,2025,8.29243374
CNRM-CM6-1,ssp126,2026,8.71168232
CNRM-CM6-1,ssp126,2027,8.71456718
CNRM-CM6-1,ssp126,2028,8.60897923
CNRM-CM6-1,ssp126,2029,8.12541485
CNRM-CM6-1,ssp126,2030,8.40310669
CNRM-CM6-1,ssp126,2031,8.61380196
CNRM-CM6-1,ssp126,2032,8.68195152
CNRM-CM6-1,ssp126,2033,8.69828892
CNRM-CM6-1,ssp126,2034,8.86891460
CNRM-CM6-1,ssp126,2035,8.70554543
CNRM-CM6-1,ssp126,2036,9.05110931
CNRM-CM6-1,ssp126,2037,8.70399952
CNRM-CM6-1,ssp126,2038,8.76499176
CNRM-CM6-1,ssp126,2039,8.54480839
CNRM-CM6-1,ssp126,2040,9.00859737
CNRM-CM6-1,ssp126,2041,8.55985355
CNRM-CM6-1,ssp126,2042,8.76137829
CNRM-CM6-1,ssp126,2043,8.71790314
CNRM-CM6-1,ssp126,2044,8.69540882
CNRM-CM6-1,ssp126,2045,8.21674442
CNRM-CM6-1,ssp126,2046,8.56591511
CNRM-CM6-1,ssp126,2047,8.44566059
CNRM-CM6-1,ssp126,2048,8.71081829
CNRM-CM6-1,ssp126,2049,8.55053806
CNRM-CM6-1,ssp126,2050,8.24724960
CNRM-CM6-1,ssp126,2051,8.74886417
CNRM-CM6-1,ssp126,2052,8.62728214
CNRM-CM6-1,ssp126,2053,8.97629738
CNRM-CM6-1,ssp126,2054,8.86299419
CNRM-CM6-1,ssp126,2055,8.55002785
CNRM-CM6-1,ssp126,2056,8.45433998
CNRM-CM6-1,ssp126,2057,8.42238712
CNRM-CM6-1,ssp126,2058,8.38536930
CNRM-CM6-1,ssp126,2059,8.46880627
CNRM-CM6-1,ssp126,2060,8.54291630
CNRM-CM6-1,ssp126,2061,8.71707058
CNRM-CM6-1,ssp126,2062,8.37982273
CNRM-CM6-1,ssp126,2063,8.79467106
CNRM-CM6-1,ssp126,2064,8.51548576
CNRM-CM6-1,ssp126,2065,8.59854984
CNRM-CM6-1,ssp126,2066,9.08344936
CNRM-CM6-1,ssp126,2067,8.72320557
CNRM-CM6-1,ssp126,2068,8.70551395
CNRM-CM6-1,ssp126,2069,8.46055698
CNRM-CM6-1,ssp126,2070,8.45814896
CNRM-CM6-1,ssp126,2071,8.56655216
CNRM-CM6-1,ssp126,2072,8.53366566
CNRM-CM6-1,ssp126,2073,8.21802425
CNRM-CM6-1,ssp126,2074,8.68208981
CNRM-CM6-1,ssp126,2075,8.43279171
CNRM-CM6-1,ssp126,2076,8.69373226
CNRM-CM6-1,ssp126,2077,8.43787956
CNRM-CM6-1,ssp126,2078,8.29944515
CNRM-CM6-1,ssp126,2079,8.60881805
CNRM-CM6-1,ssp126,2080,8.74058056
CNRM-CM6-1,ssp126,2081,9.11827183
CNRM-CM6-1,ssp126,2082,8.72362995
CNRM-CM6-1,ssp126,2083,8.37756443
CNRM-CM6-1,ssp126,2084,8.78732777
CNRM-CM6-1,ssp126,2085,8.73416042
CNRM-CM6-1,ssp126,2086,8.72446346
CNRM-CM6-1,ssp126,2087,8.54964924
CNRM-CM6-1,ssp126,2088,8.48736858
CNRM-CM6-1,ssp126,2089,8.89999390
CNRM-CM6-1,ssp126,2090,8.87293625
CNRM-CM6-1,ssp126,2091,8.82610798
CNRM-CM6-1,ssp126,2092,8.62999249
CNRM-CM6-1,ssp126,2093,8.75152206
CNRM-CM6-1,ssp126,2094,8.44366741
CNRM-CM6-1,ssp126,2095,8.51716423
CNRM-CM6-1,ssp126,2096,8.71508408
CNRM-CM6-1,ssp126,2097,8.56367207
CNRM-CM6-1,ssp126,2098,8.57332516
CNRM-CM6-1,ssp126,2099,8.39291096
CNRM-CM6-1,ssp126,2100,8.86134148
CNRM-CM6-1,ssp245,2015,9.30139446
CNRM-CM6-1,ssp245,2016,8.73021793
CNRM-CM6-1,ssp245,2017,8.50073624
CNRM-CM6-1,ssp245,2018,8.60971165
CNRM-CM6-1,ssp245,2019,8.65761185
CNRM-CM6-1,ssp245,2020,8.71824741
CNRM-CM6-1,ssp245,2021,8.60326099
CNRM-CM6-1,ssp245,2022,8.76980686
CNRM-CM6-1,ssp245,2023,8.89632607
CNRM-CM6-1,ssp245,2024,8.41230488
CNRM-CM6-1,ssp245,2025,8.82236958
CNRM-CM6-1,ssp245,2026,8.56926727
CNRM-CM6-1,ssp245,2027,8.61301613
CNRM-CM6-1,ssp245,2028,8.82372665
CNRM-CM6-1,ssp245,2029,8.67576694
CNRM-CM6-1,ssp245,2030,8.56840229
CNRM-CM6-1,ssp245,2031,8.44247246
CNRM-CM6-1,ssp245,2032,8.92586231
CNRM-CM6-1,ssp245,2033,8.40505314
CNRM-CM6-1,ssp245,2034,8.54631329
CNRM-CM6-1,ssp245,2035,8.74413013
CNRM-CM6-1,ssp245,2036,8.68307018
CNRM-CM6-1,ssp245,2037,8.46527386
CNRM-CM6-1,ssp245,2038,8.46795750
CNRM-CM6-1,ssp245,2039,8.57269955
CNRM-CM6-1,ssp245,2040,8.75780296
CNRM-CM6-1,ssp245,2041,8.68859863
CNRM-CM6-1,ssp245,2042,8.51557732
CNRM-CM6-1,ssp245,2043,8.60712719
CNRM-CM6-1,ssp245,2044,8.84815121
CNRM-CM6-1,ssp245,2045,8.53163719
CNRM-CM6-1,ssp245,2046,8.77182865
CNRM-CM6-1,ssp245,2047,8.30792809
CNRM-CM6-1,ssp245,2048,8.41193104
CNRM-CM6-1,ssp245,2049,8.60260201
CNRM-CM6-1,ssp245,2050,8.60379601
CNRM-CM6-1,ssp245,2051,8.30832958
CNRM-CM6-1,ssp245,2052,8.65768528
CNRM-CM6-1,ssp245,2053,8.53563595
CNRM-CM6-1,ssp245,2054,8.61738682
CNRM-CM6-1,ssp245,2055,8.24781704
CNRM-CM6-1,ssp245,2056,8.90195179
CNRM-CM6-1,ssp245,2057,8.68781567
CNRM-CM6-1,ssp245,2058,8.55493832
CNRM-CM6-1,ssp245,2059,8.69847298
CNRM-CM6-1,ssp245,2060,8.52711391
CNRM-CM6-1,ssp245,2061,8.35057735
CNRM-CM6-1,ssp245,2062,8.42812634
CNRM-CM6-1,ssp245,2063,8.71400356
CNRM-CM6-1,ssp245,2064,8.69453335
CNRM-CM6-1,ssp245,2065,8.55554199
CNRM-CM6-1,ssp245,2066,8.47605038
CNRM-CM6-1,ssp245,2067,8.27771473
CNRM-CM6-1,ssp245,2068,8.58315468
CNRM-CM6-1,ssp245,2069,8.73919392
CNRM-CM6-1,ssp245,2070,8.31532764
CNRM-CM6-1,ssp245,2071,8.83105946
CNRM-CM6-1,ssp245,2072,8.83423710
CNRM-CM6-1,ssp245,2073,8.12837029
CNRM-CM6-1,ssp245,2074,8.43302727
CNRM-CM6-1,ssp245,2075,8.28815937
CNRM-CM6-1,ssp245,2076,8.28548717
CNRM-CM6-1,ssp245,2077,8.95382786
CNRM-CM6-1,ssp245,2078,8.35242367
CNRM-CM6-1,ssp245,2079,8.60950947
CNRM-CM6-1,ssp245,2080,8.53478718
CNRM-CM6-1,ssp245,2081,8.73890686
CNRM-CM6-1,ssp245,2082,8.33230114
CNRM-CM6-1,ssp245,2083,8.66942310
CNRM-CM6-1,ssp245,2084,8.37978840
CNRM-CM6-1,ssp245,2085,8.20258427
CNRM-CM6-1,ssp245,2086,8.43012905
CNRM-CM6-1,ssp245,2087,8.26102352
CNRM-CM6-1,ssp245,2088,8.48906422
CNRM-CM6-1,ssp245,2089,8.86657429
CNRM-CM6-1,ssp245,2090,8.41280460
CNRM-CM6-1,ssp245,2091,8.57100296
CNRM-CM6-1,ssp245,2092,8.77148247
CNRM-CM6-1,ssp245,2093,8.30914593
CNRM-CM6-1,ssp245,2094,8.58797359
CNRM-CM6-1,ssp245,2095,8.78234386
CNRM-CM6-1,ssp245,2096,8.35481739
CNRM-CM6-1,ssp245,2097,8.26794910
CNRM-CM6-1,ssp245,2098,8.36518478
CNRM-CM6-1,ssp245,2099,8.87620926
CNRM-CM6-1,ssp245,2100,8.50164032
CNRM-CM6-1,ssp370,2015,9.22004318
CNRM-CM6-1,ssp370,2016,8.74298382
CNRM-CM6-1,ssp370,2017,8.42922592
CNRM-CM6-1,ssp370,2018,8.97792530
CNRM-CM6-1,ssp370,2019,8.74576378
CNRM-CM6-1,ssp370,2020,8.45401669
CNRM-CM6-1,ssp370,2021,8.26042461
CNRM-CM6-1,ssp370,2022,8.90911865
CNRM-CM6-1,ssp370,2023,8.44836235
CNRM-CM6-1,ssp370,2024,8.59521008
CNRM-CM6-1,ssp370,2025,8.69177151
CNRM-CM6-1,ssp370,2026,8.72648907
CNRM-CM6-1,ssp370,2027,8.41362381
CNRM-CM6-1,ssp370,2028,8.63280964
CNRM-CM6-1,ssp370,2029,8.23431587
CNRM-CM6-1,ssp370,2030,8.28612995
CNRM-CM6-1,ssp370,2031,8.65802479
CNRM-CM6-1,ssp370,2032,8.74635124
CNRM-CM6-1,ssp370,2033,8.58775806
CNRM-CM6-1,ssp370,2034,8.65676975
CNRM-CM6-1,ssp370,2035,8.66412449
CNRM-CM6-1,ssp370,2036,8.70496082
CNRM-CM6-1,ssp370,2037,8.18833447
CNRM-CM6-1,ssp370,2038,8.35390377
CNRM-CM6-1,ssp370,2039,8.86574650
CNRM-CM6-1,ssp370,2040,8.61968708
CNRM-CM6-1,ssp370,2041,8.57259941
CNRM-CM6-1,ssp370,2042,8.39370728
CNRM-CM6-1,ssp370,2043,8.66547108
CNRM-CM6-1,ssp370,2044,8.60638428
CNRM-CM6-1,ssp370,2045,8.76582050
CNRM-CM6-1,ssp370,2046,8.34316540
CNRM-CM6-1,ssp370,2047,8.47308636
CNRM-CM6-1,ssp370,2048,8.21775055
CNRM-CM6-1,ssp370,2049,8.18283367
CNRM-CM6-1,ssp370,2050,8.14131451
CNRM-CM6-1,ssp370,2051,8.70605278
CNRM-CM6-1,ssp370,2052,8.40049076
CNRM-CM6-1,ssp370,2053,8.48838425
CNRM-CM6-1,ssp370,2054,8.33245659
CNRM-CM6-1,ssp370,2055,8.35419655
CNRM-CM6-1,ssp370,2056,8.47929668
CNRM-CM6-1,ssp370,2057,8.70928288
CNRM-CM6-1,ssp370,2058,8.46845055
CNRM-CM6-1,ssp370,2059,8.49493885
CNRM-CM6-1,ssp370,2060,8.83326626
CNRM-CM6-1,ssp370,2061,8.48084259
CNRM-CM6-1,ssp370,2062,8.86570835
CNRM-CM6-1,ssp370,2063,8.33795071
CNRM-CM6-1,ssp370,2064,8.75904369
CNRM-CM6-1,ssp370,2065,8.43863106
CNRM-CM6-1,ssp370,2066,8.54721165
CNRM-CM6-1,ssp370,2067,8.50481129
CNRM-CM6-1,ssp370,2068,8.27083969
CNRM-CM6-1,ssp370,2069,8.35596848
CNRM-CM6-1,ssp370,2070,8.64780140
CNRM-CM6-1,ssp370,2071,8.13876820
CNRM-CM6-1,ssp370,2072,8.48656845
CNRM-CM6-1,ssp370,2073,8.11176395
CNRM-CM6-1,ssp370,2074,8.18304729
CNRM-CM6-1,ssp370,2075,8.72995186
CNRM-CM6-1,ssp370,2076,8.36834621
CNRM-CM6-1,ssp370,2077,8.37820148
CNRM-CM6-1,ssp370,2078,8.74830627
CNRM-CM6-1,ssp370,2079,8.36167717
CNRM-CM6-1,ssp370,2080,8.57390308
CNRM-CM6-1,ssp370,2081,8.39731407
CNRM-CM6-1,ssp370,2082,8.50483704
CNRM-CM6-1,ssp370,2083,8.56881618
CNRM-CM6-1,ssp370,2084,8.25558186
CNRM-CM6-1,ssp370,2085,8.54955769
CNRM-CM6-1,ssp370,2086,8.03554249
CNRM-CM6-1,ssp370,2087,8.34097767
CNRM-CM6-1,ssp370,2088,8.45685863
CNRM-CM6-1,ssp370,2089,8.18743896
CNRM-CM6-1,ssp370,2090,8.18663025
CNRM-CM6-1,ssp370,2091,8.17262650
CNRM-CM6-1,ssp370,2092,7.84539843
CNRM-CM6-1,ssp370,2093,7.91358614
CNRM-CM6-1,ssp370,2094,8.21928120
CNRM-CM6-1,ssp370,2095,8.28844166
CNRM-CM6-1,ssp370,2096,8.05632496
CNRM-CM6-1,ssp370,2097,8.39400291
CNRM-CM6-1,ssp370,2098,8.58409500
CNRM-CM6-1,ssp370,2099,8.22355938
CNRM-CM6-1,ssp370,2100,8.44272327
CNRM-CM6-1,ssp585,2015,8.48775864
CNRM-CM6-1,ssp585,2016,8.67046261
CNRM-CM6-1,ssp585,2017,8.42711830
CNRM-CM6-1,ssp585,2018,8.52050877
CNRM-CM6-1,ssp585,2019,8.60051060
CNRM-CM6-1,ssp585,2020,8.50737381
CNRM-CM6-1,ssp585,2021,8.55429935
CNRM-CM6-1,ssp585,2022,8.67641354
CNRM-CM6-1,ssp585,2023,8.63922310
CNRM-CM6-1,ssp585,2024,8.60977936
CNRM-CM6-1,ssp585,2025,8.80028820
CNRM-CM6-1,ssp585,2026,8.65591908
CNRM-CM6-1,ssp585,2027,8.69919586
CNRM-CM6-1,ssp585,2028,8.88211918
CNRM-CM6-1,ssp585,2029,8.33738708
CNRM-CM6-1,ssp585,2030,8.65885448
CNRM-CM6-1,ssp585,2031,8.47479534
CNRM-CM6-1,ssp585,2032,8.82509899
CNRM-CM6-1,ssp585,2033,8.61324024
CNRM-CM6-1,ssp585,2034,8.77476501
CNRM-CM6-1,ssp585,2035,8.43004894
CNRM-CM6-1,ssp585,2036,8.16969204
CNRM-CM6-1,ssp585,2037,8.45191669
CNRM-CM6-1,ssp585,2038,8.59452343
CNRM-CM6-1,ssp585,2039,8.47283268
CNRM-CM6-1,ssp585,2040,8.44338989
CNRM-CM6-1,ssp585,2041,8.59083652
CNRM-CM6-1,ssp585,2042,8.98376179
CNRM-CM6-1,ssp585,2043,8.41781902
CNRM-CM6-1,ssp585,2044,8.31094074
CNRM-CM6-1,ssp585,2045,8.73892307
CNRM-CM6-1,ssp585,2046,8.68070030
CNRM-CM6-1,ssp585,2047,8.63592243
CNRM-CM6-1,ssp585,2048,8.60065842
CNRM-CM6-1,ssp585,2049,8.77156067
CNRM-CM6-1,ssp585,2050,8.15721798
CNRM-CM6-1,ssp585,2051,8.52957439
CNRM-CM6-1,ssp585,2052,8.48450565
CNRM-CM6-1,ssp585,2053,8.30329418
CNRM-CM6-1,ssp585,2054,8.80927086
CNRM-CM6-1,ssp585,2055,8.82606983
CNRM-CM6-1,ssp585,2056,8.32592487
CNRM-CM6-1,ssp585,2057,8.11879635
CNRM-CM6-1,ssp585,2058,8.56111526
CNRM-CM6-1,ssp585,2059,8.41253281
CNRM-CM6-1,ssp585,2060,8.01702785
CNRM-CM6-1,ssp585,2061,8.41796970
CNRM-CM6-1,ssp585,2062,8.69403172
CNRM-CM6-1,ssp585,2063,8.05708599
CNRM-CM6-1,ssp585,2064,8.56514168
CNRM-CM6-1,ssp585,2065,8.59791088
CNRM-CM6-1,ssp585,2066,8.63181305
CNRM-CM6-1,ssp585,2067,8.28824902
CNRM-CM6-1,ssp585,2068,8.61935902
CNRM-CM6-1,ssp585,2069,8.14876270
CNRM-CM6-1,ssp585,2070,8.61614704
CNRM-CM6-1,ssp585,2071,8.38895321
CNRM-CM6-1,ssp585,2072,8.81268024
CNRM-CM6-1,ssp585,2073,8.29728222
CNRM-CM6-1,ssp585,2074,8.45663738
CNRM-CM6-1,ssp585,2075,8.55425167
CNRM-CM6-1,ssp585,2076,8.54028797
CNRM-CM6-1,ssp585,2077,8.58973026
CNRM-CM6-1,ssp585,2078,8.60901451
CNRM-CM6-1,ssp585,2079,8.26186466
CNRM-CM6-1,ssp585,2080,8.21049786
CNRM-CM6-1,ssp585,2081,8.11520958
CNRM-CM6-1,ssp585,2082,8.97329617
CNRM-CM6-1,ssp585,2083,8.29064465
CNRM-CM6-1,ssp585,2084,8.10125923
CNRM-CM6-1,ssp585,2085,8.50734901
CNRM-CM6-1,ssp585,2086,8.12003708
CNRM-CM6-1,ssp585,2087,8.39118290
CNRM-CM6-1,ssp585,2088,9.10514832
CNRM-CM6-1,ssp585,2089,8.55002499
CNRM-CM6-1,ssp585,2090,8.07359028
CNRM-CM6-1,ssp585,2091,8.31370449
CNRM-CM6-1,ssp585,2092,8.09031487
CNRM-CM6-1,ssp585,2093,8.36338902
CNRM-CM6-1,ssp585,2094,8.23622990
CNRM-CM6-1,ssp585,2095,8.08606625
CNRM-CM6-1,ssp585,2096,7.96131563
CNRM-CM6-1,ssp585,2097,8.41878986
CNRM-CM6-1,ssp585,2098,8.27373886
CNRM-CM6-1,ssp585,2099,8.38916302
CNRM-CM6-1,ssp585,2100,8.06923580
EC-Earth3,historical,1960,7.62512589
EC-Earth3,historical,1961,7.51645470
EC-Earth3,historical,1962,7.48306131
EC-Earth3,historical,1963,7.28648710
EC-Earth3,historical,1964,7.47675848
EC-Earth3,historical,1965,7.85153151
EC-Earth3,historical,1966,7.66311884
EC-Earth3,historical,1967,7.48125792
EC-Earth3,historical,1968,7.61566591
EC-Earth3,historical,1969,7.33783722
EC-Earth3,historical,1970,7.41620302
EC-Earth3,historical,1971,7.41973114
EC-Earth3,historical,1972,7.39928865
EC-Earth3,historical,1973,7.79372406
EC-Earth3,historical,1974,7.32106209
EC-Earth3,historical,1975,7.55840874
EC-Earth3,historical,1976,7.53418016
EC-Earth3,historical,1977,7.62218237
EC-Earth3,historical,1978,7.46344900
EC-Earth3,historical,1979,7.20145273
EC-Earth3,historical,1980,7.54000473
EC-Earth3,historical,1981,7.47088242
EC-Earth3,historical,1982,7.58180046
EC-Earth3,historical,1983,7.53265429
EC-Earth3,historical,1984,7.49898577
EC-Earth3,historical,1985,7.59765005
EC-Earth3,historical,1986,7.60223341
EC-Earth3,historical,1987,7.52127409
EC-Earth3,historical,1988,7.35783768
EC-Earth3,historical,1989,7.78062868
EC-Earth3,historical,1990,7.81311035
EC-Earth3,historical,1991,7.52687025
EC-Earth3,historical,1992,7.51600885
EC-Earth3,historical,1993,7.62895203
EC-Earth3,historical,1994,7.40768385
EC-Earth3,historical,1995,7.49461889
EC-Earth3,historical,1996,7.28235006
EC-Earth3,historical,1997,7.72009277
EC-Earth3,historical,1998,7.30736351
EC-Earth3,historical,1999,7.62418985
EC-Earth3,historical,2000,7.49156904
EC-Earth3,historical,2001,7.44926691
EC-Earth3,historical,2002,7.43720436
EC-Earth3,historical,2003,7.55305290
EC-Earth3,historical,2004,7.71724558
EC-Earth3,historical,2005,7.41260338
EC-Earth3,historical,2006,7.29326248
EC-Earth3,historical,2007,7.70812654
EC-Earth3,historical,2008,7.61253214
EC-Earth3,historical,2009,7.50917673
EC-Earth3,historical,2010,7.40453529
EC-Earth3,historical,2011,7.91852617
EC-Earth3,historical,2012,7.59210443
EC-Earth3,historical,2013,7.43201017
EC-Earth3,historical,2014,7.51783323
EC-Earth3,ssp126,2015,7.41382027
EC-Earth3,ssp126,2016,7.31579638
EC-Earth3,ssp126,2017,7.70236158
EC-Earth3,ssp126,2018,7.57832193
EC-Earth3,ssp126,2019,7.39613771
EC-Earth3,ssp126,2020,7.70312500
EC-Earth3,ssp126,2021,7.28339195
EC-Earth3,ssp126,2022,7.40170670
EC-Earth3,ssp126,2023,7.75862503
EC-Earth3,ssp126,2024,7.33679342
EC-Earth3,ssp126,2025,7.46628141
EC-Earth3,ssp126,2026,7.60439253
EC-Earth3,ssp126,2027,7.74862432
EC-Earth3,ssp126,2028,7.16118479
EC-Earth3,ssp126,2029,7.48216486
EC-Earth3,ssp126,2030,7.68153048
EC-Earth3,ssp126,2031,7.54417849
EC-Earth3,ssp126,2032,7.71840620
EC-Earth3,ssp126,2033,7.66016531
EC-Earth3,ssp126,2034,7.42101860
EC-Earth3,ssp126,2035,7.25026560
EC-Earth3,ssp126,2036,7.96322441
EC-Earth3,ssp126,2037,7.55883789
EC-Earth3,ssp126,2038,7.44032240
EC-Earth3,ssp126,2039,7.60181093
EC-Earth3,ssp126,2040,7.55427408
EC-Earth3,ssp126,2041,7.49118805
EC-Earth3,ssp126,2042,7.37227774
EC-Earth3,ssp126,2043,7.72715950
EC-Earth3,ssp126,2044,7.52831793
EC-Earth3,ssp126,2045,7.50174713
EC-Earth3,ssp126,2046,7.60682106
EC-Earth3,ssp126,2047,7.60129023
EC-Earth3,ssp126,2048,7.56627464
EC-Earth3,ssp126,2049,7.96440697
EC-Earth3,ssp126,2050,7.78102112
EC-Earth3,ssp126,2051,7.36521196
EC-Earth3,ssp126,2052,7.32011557
EC-Earth3,ssp126,2053,7.61656380
EC-Earth3,ssp126,2054,7.46820641
EC-Earth3,ssp126,2055,7.23381472
EC-Earth3,ssp126,2056,7.73569155
EC-Earth3,ssp126,2057,7.34492731
EC-Earth3,ssp126,2058,7.33811712
EC-Earth3,ssp126,2059,7.77948523
EC-Earth3,ssp126,2060,7.56677580
EC-Earth3,ssp126,2061,7.42632055
EC-Earth3,ssp126,2062,7.34599543
EC-Earth3,ssp126,2063,7.73652792
EC-Earth3,ssp126,2064,7.35804892
EC-Earth3,ssp126,2065,7.44051600
EC-Earth3,ssp126,2066,7.59211874
EC-Earth3,ssp126,2067,7.52829170
EC-Earth3,ssp126,2068,7.59953260
EC-Earth3,ssp126,2069,7.62045050
EC-Earth3,ssp126,2070,7.40810919
EC-Earth3,ssp126,2071,7.16511536
EC-Earth3,ssp126,2072,7.44403076
EC-Earth3,ssp126,2073,7.54435205
EC-Earth3,ssp126,2074,7.65947199
EC-Earth3,ssp126,2075,7.44396973
EC-Earth3,ssp126,2076,7.53449392
EC-Earth3,ssp126,2077,7.48976326
EC-Earth3,ssp126,2078,7.65589571
EC-Earth3,ssp126,2079,7.39521074
EC-Earth3,ssp126,2080,7.49032211
EC-Earth3,ssp126,2081,7.62720537
EC-Earth3,ssp126,2082,7.88250113
EC-Earth3,ssp126,2083,7.68944407
EC-Earth3,ssp126,2084,7.45360756
EC-Earth3,ssp126,2085,7.49992561
EC-Earth3,ssp126,2086,7.25953436
EC-Earth3,ssp126,2087,7.81719923
EC-Earth3,ssp126,2088,7.32988501
EC-Earth3,ssp126,2089,7.58469582
EC-Earth3,ssp126,2090,7.43574572
EC-Earth3,ssp126,2091,7.77089691
EC-Earth3,ssp126,2092,7.45026636
EC-Earth3,ssp126,2093,7.27439165
EC-Earth3,ssp126,2094,7.80441284
EC-Earth3,ssp126,2095,7.77928019
EC-Earth3,ssp126,2096,7.30661392
EC-Earth3,ssp126,2097,7.43279028
EC-Earth3,ssp126,2098,7.68121195
EC-Earth3,ssp126,2099,7.69592476
EC-Earth3,ssp126,2100,7.85324907
EC-Earth3,ssp245,2015,7.50862551
EC-Earth3,ssp245,2016,7.67548323
EC-Earth3,ssp245,2017,7.62019014
EC-Earth3,ssp245,2018,7.96309614
EC-Earth3,ssp245,2019,7.73566580
EC-Earth3,ssp245,2020,7.49380684
EC-Earth3,ssp245,2021,7.48377657
EC-Earth3,ssp245,2022,7.65226603
EC-Earth3,ssp245,2023,7.48800039
EC-Earth3,ssp245,2024,7.39869833
EC-Earth3,ssp245,2025,7.61207628
EC-Earth3,ssp245,2026,7.53406525
EC-Earth3,ssp245,2027,7.50058746
EC-Earth3,ssp245,2028,7.58767271
EC-Earth3,ssp245,2029,7.41224051
EC-Earth3,ssp245,2030,7.48120880
EC-Earth3,ssp245,2031,7.86249208
EC-Earth3,ssp245,2032,7.63977385
EC-Earth3,ssp245,2033,7.47254324
EC-Earth3,ssp245,2034,7.35049963
EC-Earth3,ssp245,2035,7.86129904
EC-Earth3,ssp245,2036,7.54340124
EC-Earth3,ssp245,2037,7.42320442
EC-Earth3,ssp245,2038,7.53619957
EC-Earth3,ssp245,2039,7.55218840
EC-Earth3,ssp245,2040,7.37816620
EC-Earth3,ssp245,2041,7.63952684
EC-Earth3,ssp245,2042,7.93886232
EC-Earth3,ssp245,2043,7.31559038
EC-Earth3,ssp245,2044,7.21768141
EC-Earth3,ssp245,2045,7.53045511
EC-Earth3,ssp245,2046,7.52594948
EC-Earth3,ssp245,2047,7.58143759
EC-Earth3,ssp245,2048,7.40768290
EC-Earth3,ssp245,2049,7.80130911
EC-Earth3,ssp245,2050,7.88562536
EC-Earth3,ssp245,2051,7.55218267
EC-Earth3,ssp245,2052,7.29904366
EC-Earth3,ssp245,2053,7.56517649
EC-Earth3,ssp245,2054,7.64190626
EC-Earth3,ssp245,2055,7.34825325
EC-Earth3,ssp245,2056,7.66846895
EC-Earth3,ssp245,2057,7.32154131
EC-Earth3,ssp245,2058,7.46767473
EC-Earth3,ssp245,2059,7.74993277
EC-Earth3,ssp245,2060,7.38274908
EC-Earth3,ssp245,2061,7.54420280
EC-Earth3,ssp245,2062,7.52457428
EC-Earth3,ssp245,2063,7.77847528
EC-Earth3,ssp245,2064,7.53866196
EC-Earth3,ssp245,2065,7.43777037
EC-Earth3,ssp245,2066,7.56569147
EC-Earth3,ssp245,2067,7.35132360
EC-Earth3,ssp245,2068,7.42118025
EC-Earth3,ssp245,2069,7.37071991
EC-Earth3,ssp245,2070,7.37410975
EC-Earth3,ssp245,2071,7.55614328
EC-Earth3,ssp245,2072,7.49151754
EC-Earth3,ssp245,2073,7.44515038
EC-Earth3,ssp245,2074,7.63401413
EC-Earth3,ssp245,2075,7.50801325
EC-Earth3,ssp245,2076,7.87256241
EC-Earth3,ssp245,2077,7.21074724
EC-Earth3,ssp245,2078,7.39431047
EC-Earth3,ssp245,2079,7.15712881
EC-Earth3,ssp245,2080,7.63629007
EC-Earth3,ssp245,2081,7.49964094
EC-Earth3,ssp245,2082,7.33916712
EC-Earth3,ssp245,2083,7.43946838
EC-Earth3,ssp245,2084,7.32306910
EC-Earth3,ssp245,2085,7.25026083
EC-Earth3,ssp245,2086,7.55174255
EC-Earth3,ssp245,2087,7.27371645
EC-Earth3,ssp245,2088,7.44850159
EC-Earth3,ssp245,2089,7.33842468
EC-Earth3,ssp245,2090,7.50324965
EC-Earth3,ssp245,2091,7.35876036
EC-Earth3,ssp245,2092,7.39653826
EC-Earth3,ssp245,2093,7.60563707
EC-Earth3,ssp245,2094,7.37251520
EC-Earth3,ssp245,2095,7.57167816
EC-Earth3,ssp245,2096,7.55438185
EC-Earth3,ssp245,2097,7.34818077
EC-Earth3,ssp245,2098,7.48178625
EC-Earth3,ssp245,2099,7.29896212
EC-Earth3,ssp245,2100,7.40390539
EC-Earth3,ssp370,2015,7.40915155
EC-Earth3,ssp370,2016,7.59860945
EC-Earth3,ssp370,2017,7.32877207
EC-Earth3,ssp370,2018,7.71692705
EC-Earth3,ssp370,2019,7.50766134
EC-Earth3,ssp370,2020,7.33665037
EC-Earth3,ssp370,2021,7.55941963
EC-Earth3,ssp370,2022,7.85046530
EC-Earth3,ssp370,2023,7.68504858
EC-Earth3,ssp370,2024,7.46447039
EC-Earth3,ssp370,2025,7.34101868
EC-Earth3,ssp370,2026,7.52408457
EC-Earth3,ssp370,2027,7.47178650
EC-Earth3,ssp370,2028,7.37688017
EC-Earth3,ssp370,2029,7.67981148
EC-Earth3,ssp370,2030,7.47972250
EC-Earth3,ssp370,2031,7.63733816
EC-Earth3,ssp370,2032,7.58638620
EC-Earth3,ssp370,2033,7.50307989
EC-Earth3,ssp370,2034,7.26410437
EC-Earth3,ssp370,2035,7.23064232
EC-Earth3,ssp370,2036,7.33944368
EC-Earth3,ssp370,2037,7.48281097
EC-Earth3,ssp370,2038,7.79786873
EC-Earth3,ssp370,2039,7.50444031
EC-Earth3,ssp370,2040,7.25430632
EC-Earth3,ssp370,2041,7.14657736
EC-Earth3,ssp370,2042,7.63162184
EC-Earth3,ssp370,2043,7.44476748
EC-Earth3,ssp370,2044,7.36833620
EC-Earth3,ssp370,2045,7.46645975
EC-Earth3,ssp370,2046,7.43148804
EC-Earth3,ssp370,2047,7.51288176
EC-Earth3,ssp370,2048,7.28946686
EC-Earth3,ssp370,2049,7.57472467
EC-Earth3,ssp370,2050,7.70696115
EC-Earth3,ssp370,2051,7.42062712
EC-Earth3,ssp370,2052,7.59895182
EC-Earth3,ssp370,2053,7.46553040
EC-Earth3,ssp370,2054,7.44530916
EC-Earth3,ssp370,2055,7.42486811
EC-Earth3,ssp370,2056,7.39516401
EC-Earth3,ssp370,2057,7.54674196
EC-Earth3,ssp370,2058,7.66107798
EC-Earth3,ssp370,2059,7.30114698
EC-Earth3,ssp370,2060,7.25203133
EC-Earth3,ssp370,2061,7.62289476
EC-Earth3,ssp370,2062,7.48257971
EC-Earth3,ssp370,2063,7.60282373
EC-Earth3,ssp370,2064,7.59147501
EC-Earth3,ssp370,2065,7.68481684
EC-Earth3,ssp370,2066,7.62793970
EC-Earth3,ssp370,2067,7.29045439
EC-Earth3,ssp370,2068,7.53584528
EC-Earth3,ssp370,2069,7.75554991
EC-Earth3,ssp370,2070,7.30467796
EC-Earth3,ssp370,2071,7.58136511
EC-Earth3,ssp370,2072,7.32694006
EC-Earth3,ssp370,2073,7.66197586
EC-Earth3,ssp370,2074,7.47806931
EC-Earth3,ssp370,2075,7.71308708
EC-Earth3,ssp370,2076,7.61505747
EC-Earth3,ssp370,2077,7.30996704
EC-Earth3,ssp370,2078,7.61035347
EC-Earth3,ssp370,2079,7.52258492
EC-Earth3,ssp370,2080,7.17714500
EC-Earth3,ssp370,2081,7.44637632
EC-Earth3,ssp370,2082,7.52103233
EC-Earth3,ssp370,2083,7.84779549
EC-Earth3,ssp370,2084,7.33661127
EC-Earth3,ssp370,2085,7.13428926
EC-Earth3,ssp370,2086,7.28560638
EC-Earth3,ssp370,2087,7.25328398
EC-Earth3,ssp370,2088,7.50356913
EC-Earth3,ssp370,2089,7.16049767
EC-Earth3,ssp370,2090,7.28955221
EC-Earth3,ssp370,2091,7.35559845
EC-Earth3,ssp370,2092,7.27914047
EC-Earth3,ssp370,2093,7.54404640
EC-Earth3,ssp370,2094,7.39649057
EC-Earth3,ssp370,2095,7.23589468
EC-Earth3,ssp370,2096,7.42240143
EC-Earth3,ssp370,2097,7.43905640
EC-Earth3,ssp370,2098,7.52836800
EC-Earth3,ssp370,2099,7.21736670
EC-Earth3,ssp370,2100,7.53534508
EC-Earth3,ssp585,2015,7.72139883
EC-Earth3,ssp585,2016,7.59373140
EC-Earth3,ssp585,2017,7.33053923
EC-Earth3,ssp585,2018,7.43699217
EC-Earth3,ssp585,2019,7.35378265
EC-Earth3,ssp585,2020,7.54384565
EC-Earth3,ssp585,2021,7.49982834
EC-Earth3,ssp585,2022,7.37799454
EC-Earth3,ssp585,2023,7.57220697
EC-Earth3,ssp585,2024,7.42855263
EC-Earth3,ssp585,2025,7.68649054
EC-Earth3,ssp585,2026,7.57909632
EC-Earth3,ssp585,2027,7.44758654
EC-Earth3,ssp585,2028,7.44056845
EC-Earth3,ssp585,2029,7.38651657
EC-Earth3,ssp585,2030,7.59042168
EC-Earth3,ssp585,2031,7.63153267
EC-Earth3,ssp585,2032,7.42954063
EC-Earth3,ssp585,2033,7.38031578
EC-Earth3,ssp585,2034,7.36197424
EC-Earth3,ssp585,2035,7.49514532
EC-Earth3,ssp585,2036,7.68350601
EC-Earth3,ssp585,2037,7.39727640
EC-Earth3,ssp585,2038,7.36204195
EC-Earth3,ssp585,2039,7.63033533
EC-Earth3,ssp585,2040,7.55844450
EC-Earth3,ssp585,2041,7.76118088
EC-Earth3,ssp585,2042,7.35488367
EC-Earth3,ssp585,2043,7.37883711
EC-Earth3,ssp585,2044,7.53086853
EC-Earth3,ssp585,2045,7.35181570
EC-Earth3,ssp585,2046,7.71406174
EC-Earth3,ssp585,2047,7.79196405
EC-Earth3,ssp585,2048,7.66638517
EC-Earth3,ssp585,2049,7.35667038
EC-Earth3,ssp585,2050,7.58288574
EC-Earth3,ssp585,2051,7.66791105
EC-Earth3,ssp585,2052,7.56939840
EC-Earth3,ssp585,2053,7.50492811
EC-Earth3,ssp585,2054,7.49126863
EC-Earth3,ssp585,2055,7.64881468
EC-Earth3,ssp585,2056,7.76162672
EC-Earth3,ssp585,2057,7.52617073
EC-Earth3,ssp585,2058,7.47079277
EC-Earth3,ssp585,2059,7.51991034
EC-Earth3,ssp585,2060,7.98514891
EC-Earth3,ssp585,2061,7.36141729
EC-Earth3,ssp585,2062,7.19643974
EC-Earth3,ssp585,2063,7.66627455
EC-Earth3,ssp585,2064,7.46311617
EC-Earth3,ssp585,2065,7.44174957
EC-Earth3,ssp585,2066,7.47423553
EC-Earth3,ssp585,2067,7.67143965
EC-Earth3,ssp585,2068,7.42148590
EC-Earth3,ssp585,2069,7.17325163
EC-Earth3,ssp585,2070,7.74962997
EC-Earth3,ssp585,2071,7.38929987
EC-Earth3,ssp585,2072,7.49251175
EC-Earth3,ssp585,2073,7.34953308
EC-Earth3,ssp585,2074,7.72958231
EC-Earth3,ssp585,2075,7.54080343
EC-Earth3,ssp585,2076,7.30616808
EC-Earth3,ssp585,2077,7.36326408
EC-Earth3,ssp585,2078,7.65829039
EC-Earth3,ssp585,2079,7.21760941
EC-Earth3,ssp585,2080,7.38373327
EC-Earth3,ssp585,2081,7.58723783
EC-Earth3,ssp585,2082,7.55567360
EC-Earth3,ssp585,2083,7.49624968
EC-Earth3,ssp585,2084,7.32868147
EC-Earth3,ssp585,2085,7.43132639
EC-Earth3,ssp585,2086,7.54825020
EC-Earth3,ssp585,2087,7.58527040
EC-Earth3,ssp585,2088,7.42749977
EC-Earth3,ssp585,2089,7.39935923
EC-Earth3,ssp585,2090,7.63066721
EC-Earth3,ssp585,2091,7.83511591
EC-Earth3,ssp585,2092,7.41654253
EC-Earth3,ssp585,2093,7.30070829
EC-Earth3,ssp585,2094,7.41733694
EC-Earth3,ssp585,2095,7.58963394
EC-Earth3,ssp585,2096,7.14974546
EC-Earth3,ssp585,2097,7.38231134
EC-Earth3,ssp585,2098,7.27688408
EC-Earth3,ssp585,2099,7.55654573
EC-Earth3,ssp585,2100,7.43676996
GFDL-ESM4,historical,1960,8.63507462
GFDL-ESM4,historical,1961,8.62936497
GFDL-ESM4,historical,1962,8.83857632
GFDL-ESM4,historical,1963,8.49520206
GFDL-ESM4,historical,1964,8.20287228
GFDL-ESM4,historical,1965,8.66224766
GFDL-ESM4,historical,1966,8.67583179
GFDL-ESM4,historical,1967,8.82332516
GFDL-ESM4,historical,1968,8.48801136
GFDL-ESM4,historical,1969,8.69461155
GFDL-ESM4,historical,1970,8.17298794
GFDL-ESM4,historical,1971,8.49505711
GFDL-ESM4,historical,1972,8.84443188
GFDL-ESM4,historical,1973,8.90810585
GFDL-ESM4,historical,1974,8.60872841
GFDL-ESM4,historical,1975,8.69030476
GFDL-ESM4,historical,1976,8.87346840
GFDL-ESM4,historical,1977,8.68607998
GFDL-ESM4,historical,1978,9.03180313
GFDL-ESM4,historical,1979,8.89374733
GFDL-ESM4,historical,1980,8.76380253
GFDL-ESM4,historical,1981,8.76789665
GFDL-ESM4,historical,1982,8.42202091
GFDL-ESM4,historical,1983,8.16888618
GFDL-ESM4,historical,1984,8.55631924
GFDL-ESM4,historical,1985,8.86787510
GFDL-ESM4,historical,1986,8.93282795
GFDL-ESM4,historical,1987,8.30003166
GFDL-ESM4,historical,1988,8.50007343
GFDL-ESM4,historical,1989,8.54447079
GFDL-ESM4,historical,1990,8.53074551
GFDL-ESM4,historical,1991,8.39064693
GFDL-ESM4,historical,1992,8.17750454
GFDL-ESM4,historical,1993,8.68498230
GFDL-ESM4,historical,1994,8.91016769
GFDL-ESM4,historical,1995,8.54661274
GFDL-ESM4,historical,1996,8.94548416
GFDL-ESM4,historical,1997,8.24816990
GFDL-ESM4,historical,1998,9.04448318
GFDL-ESM4,historical,1999,8.48073101
GFDL-ESM4,historical,2000,8.80578518
GFDL-ESM4,historical,2001,8.76530743
GFDL-ESM4,historical,2002,8.46642971
GFDL-ESM4,historical,2003,8.50024319
GFDL-ESM4,historical,2004,8.64910412
GFDL-ESM4,historical,2005,8.28061295
GFDL-ESM4,historical,2006,8.48574448
GFDL-ESM4,historical,2007,8.86990261
GFDL-ESM4,historical,2008,8.78944302
GFDL-ESM4,historical,2009,9.35867596
GFDL-ESM4,historical,2010,8.46306324
GFDL-ESM4,historical,2011,8.70757484
GFDL-ESM4,historical,2012,8.65204906
GFDL-ESM4,historical,2013,8.61007786
GFDL-ESM4,historical,2014,8.51668453
GFDL-ESM4,ssp126,2015,8.46921825
GFDL-ESM4,ssp126,2016,8.63378048
GFDL-ESM4,ssp126,2017,9.00888824
GFDL-ESM4,ssp126,2018,8.47413731
GFDL-ESM4,ssp126,2019,8.70776081
GFDL-ESM4,ssp126,2020,8.98717690
GFDL-ESM4,ssp126,2021,8.74514294
GFDL-ESM4,ssp126,2022,8.68449020
GFDL-ESM4,ssp126,2023,8.29905987
GFDL-ESM4,ssp126,2024,8.42168903
GFDL-ESM4,ssp126,2025,8.45388317
GFDL-ESM4,ssp126,2026,8.87981892
GFDL-ESM4,ssp126,2027,8.66973591
GFDL-ESM4,ssp126,2028,9.01317978
GFDL-ESM4,ssp126,2029,8.76443577
GFDL-ESM4,ssp126,2030,9.03704548
GFDL-ESM4,ssp126,2031,8.54351139
GFDL-ESM4,ssp126,2032,8.72693729
GFDL-ESM4,ssp126,2033,9.06413651
GFDL-ESM4,ssp126,2034,8.62750816
GFDL-ESM4,ssp126,2035,8.27859592
GFDL-ESM4,ssp126,2036,8.70579624
GFDL-ESM4,ssp126,2037,8.63606644
GFDL-ESM4,ssp126,2038,8.57788944
GFDL-ESM4,ssp126,2039,8.42167473
GFDL-ESM4,ssp126,2040,8.41110325
GFDL-ESM4,ssp126,2041,9.46966648
GFDL-ESM4,ssp126,2042,8.72417068
GFDL-ESM4,ssp126,2043,8.25276279
GFDL-ESM4,ssp126,2044,8.51595306
GFDL-ESM4,ssp126,2045,8.31502724
GFDL-ESM4,ssp126,2046,8.73412228
GFDL-ESM4,ssp126,2047,8.61224747
GFDL-ESM4,ssp126,2048,8.73550415
GFDL-ESM4,ssp126,2049,8.36664104
GFDL-ESM4,ssp126,2050,8.33412361
GFDL-ESM4,ssp126,2051,8.85069180
GFDL-ESM4,ssp126,2052,8.45478153
GFDL-ESM4,ssp126,2053,8.48229218
GFDL-ESM4,ssp126,2054,8.80008984
GFDL-ESM4,ssp126,2055,8.82440472
GFDL-ESM4,ssp126,2056,8.88084507
GFDL-ESM4,ssp126,2057,8.51195526
GFDL-ESM4,ssp126,2058,8.74363041
GFDL-ESM4,ssp126,2059,8.43716908
GFDL-ESM4,ssp126,2060,8.83743191
GFDL-ESM4,ssp126,2061,8.83418369
GFDL-ESM4,ssp126,2062,8.80804348
GFDL-ESM4,ssp126,2063,8.62550640
GFDL-ESM4,ssp126,2064,8.57740688
GFDL-ESM4,ssp126,2065,8.76965904
GFDL-ESM4,ssp126,2066,9.11663723
GFDL-ESM4,ssp126,2067,8.47393608
GFDL-ESM4,ssp126,2068,8.33896923
GFDL-ESM4,ssp126,2069,8.92784595
GFDL-ESM4,ssp126,2070,8.41143322
GFDL-ESM4,ssp126,2071,8.96461391
GFDL-ESM4,ssp126,2072,8.73843670
GFDL-ESM4,ssp126,2073,8.89195538
GFDL-ESM4,ssp126,2074,8.75758839
GFDL-ESM4,ssp126,2075,8.81239796
GFDL-ESM4,ssp126,2076,8.57771587
GFDL-ESM4,ssp126,2077,8.64158344
GFDL-ESM4,ssp126,2078,8.83420944
GFDL-ESM4,ssp126,2079,8.74177074
GFDL-ESM4,ssp126,2080,8.60925102
GFDL-ESM4,ssp126,2081,8.71893406
GFDL-ESM4,ssp126,2082,8.69590092
GFDL-ESM4,ssp126,2083,8.70293713
GFDL-ESM4,ssp126,2084,8.32510281
GFDL-ESM4,ssp126,2085,8.88386059
GFDL-ESM4,ssp126,2086,8.86277103
GFDL-ESM4,ssp126,2087,8.61041546
GFDL-ESM4,ssp126,2088,8.71512318
GFDL-ESM4,ssp126,2089,9.10093403
GFDL-ESM4,ssp126,2090,8.96304989
GFDL-ESM4,ssp126,2091,8.87571430
GFDL-ESM4,ssp126,2092,8.83864307
GFDL-ESM4,ssp126,2093,8.68464947
GFDL-ESM4,ssp126,2094,8.61347961
GFDL-ESM4,ssp126,2095,8.78461742
GFDL-ESM4,ssp126,2096,8.57438564
GFDL-ESM4,ssp126,2097,8.65021610
GFDL-ESM4,ssp126,2098,8.80600834
GFDL-ESM4,ssp126,2099,8.71524143
GFDL-ESM4,ssp126,2100,8.57566929
GFDL-ESM4,ssp245,2015,8.95229721
GFDL-ESM4,ssp245,2016,8.77284336
GFDL-ESM4,ssp245,2017,8.61834240
GFDL-ESM4,ssp245,2018,9.05918026
GFDL-ESM4,ssp245,2019,8.60857201
GFDL-ESM4,ssp245,2020,8.50116634
GFDL-ESM4,ssp245,2021,8.85731411
GFDL-ESM4,ssp245,2022,8.48313332
GFDL-ESM4,ssp245,2023,8.83457088
GFDL-ESM4,ssp245,2024,8.61144161
GFDL-ESM4,ssp245,2025,8.75001144
GFDL-ESM4,ssp245,2026,8.69677925
GFDL-ESM4,ssp245,2027,8.43537617
GFDL-ESM4,ssp245,2028,8.37081242
GFDL-ESM4,ssp245,2029,8.56939983
GFDL-ESM4,ssp245,2030,8.66928387
GFDL-ESM4,ssp245,2031,8.82939625
GFDL-ESM4,ssp245,2032,8.89765835
GFDL-ESM4,ssp245,2033,8.86177921
GFDL-ESM4,ssp245,2034,8.61517334
GFDL-ESM4,ssp245,2035,8.45705414
GFDL-ESM4,ssp245,2036,8.70400143
GFDL-ESM4,ssp245,2037,8.36361027
GFDL-ESM4,ssp245,2038,8.14453220
GFDL-ESM4,ssp245,2039,8.53437519
GFDL-ESM4,ssp245,2040,8.54041004
GFDL-ESM4,ssp245,2041,8.51855946
GFDL-ESM4,ssp245,2042,8.84076691
GFDL-ESM4,ssp245,2043,8.64290142
GFDL-ESM4,ssp245,2044,8.59148121
GFDL-ESM4,ssp245,2045,8.53503323
GFDL-ESM4,ssp245,2046,9.10043240
GFDL-ESM4,ssp245,2047,8.67967892
GFDL-ESM4,ssp245,2048,8.85017109
GFDL-ESM4,ssp245,2049,8.46413803
GFDL-ESM4,ssp245,2050,8.43883419
GFDL-ESM4,ssp245,2051,8.66164207
GFDL-ESM4,ssp245,2052,8.43003273
GFDL-ESM4,ssp245,2053,8.74465275
GFDL-ESM4,ssp245,2054,8.43117237
GFDL-ESM4,ssp245,2055,9.02224159
GFDL-ESM4,ssp245,2056,8.67008972
GFDL-ESM4,ssp245,2057,8.58442497
GFDL-ESM4,ssp245,2058,8.38042164
GFDL-ESM4,ssp245,2059,8.86731815
GFDL-ESM4,ssp245,2060,8.76538181
GFDL-ESM4,ssp245,2061,8.82862186
GFDL-ESM4,ssp245,2062,8.09323788
GFDL-ESM4,ssp245,2063,8.52414608
GFDL-ESM4,ssp245,2064,8.50226212
GFDL-ESM4,ssp245,2065,8.67055607
GFDL-ESM4,ssp245,2066,9.02015495
GFDL-ESM4,ssp245,2067,8.95446491
GFDL-ESM4,ssp245,2068,8.86506939
GFDL-ESM4,ssp245,2069,8.55266190
GFDL-ESM4,ssp245,2070,8.64945698
GFDL-ESM4,ssp245,2071,8.56520176
GFDL-ESM4,ssp245,2072,8.52938175
GFDL-ESM4,ssp245,2073,8.33649731
GFDL-ESM4,ssp245,2074,8.82933903
GFDL-ESM4,ssp245,2075,8.57456303
GFDL-ESM4,ssp245,2076,8.87737083
GFDL-ESM4,ssp245,2077,8.48113918
GFDL-ESM4,ssp245,2078,8.26996136
GFDL-ESM4,ssp245,2079,8.98503971
GFDL-ESM4,ssp245,2080,8.40970135
GFDL-ESM4,ssp245,2081,8.55284214
GFDL-ESM4,ssp245,2082,8.96413136
GFDL-ESM4,ssp245,2083,8.29538155
GFDL-ESM4,ssp245,2084,8.54504871
GFDL-ESM4,ssp245,2085,9.06466961
GFDL-ESM4,ssp245,2086,8.73773098
GFDL-ESM4,ssp245,2087,8.37686062
GFDL-ESM4,ssp245,2088,8.75304794
GFDL-ESM4,ssp245,2089,8.78550720
GFDL-ESM4,ssp245,2090,8.58958721
GFDL-ESM4,ssp245,2091,8.36184502
GFDL-ESM4,ssp245,2092,8.62098598
GFDL-ESM4,ssp245,2093,8.77779102
GFDL-ESM4,ssp245,2094,8.54871559
GFDL-ESM4,ssp245,2095,8.78141308
GFDL-ESM4,ssp245,2096,8.79108524
GFDL-ESM4,ssp245,2097,8.44706631
GFDL-ESM4,ssp245,2098,8.56340027
GFDL-ESM4,ssp245,2099,8.43892574
GFDL-ESM4,ssp245,2100,8.86789227
GFDL-ESM4,ssp370,2015,8.42949390
GFDL-ESM4,ssp370,2016,8.54977131
GFDL-ESM4,ssp370,2017,8.90955162
GFDL-ESM4,ssp370,2018,8.78396893
GFDL-ESM4,ssp370,2019,8.75059795
GFDL-ESM4,ssp370,2020,8.63202381
GFDL-ESM4,ssp370,2021,8.67989063
GFDL-ESM4,ssp370,2022,8.50990391
GFDL-ESM4,ssp370,2023,8.36600208
GFDL-ESM4,ssp370,2024,8.87323856
GFDL-ESM4,ssp370,2025,8.78533459
GFDL-ESM4,ssp370,2026,8.39323902
GFDL-ESM4,ssp370,2027,8.36895847
GFDL-ESM4,ssp370,2028,8.89239502
GFDL-ESM4,ssp370,2029,8.53379536
GFDL-ESM4,ssp370,2030,8.28783607
GFDL-ESM4,ssp370,2031,8.90890789
GFDL-ESM4,ssp370,2032,8.98220825
GFDL-ESM4,ssp370,2033,8.28012180
GFDL-ESM4,ssp370,2034,8.68599033
GFDL-ESM4,ssp370,2035,8.75929737
GFDL-ESM4,ssp370,2036,8.78451157
GFDL-ESM4,ssp370,2037,8.52674961
GFDL-ESM4,ssp370,2038,8.45299435
GFDL-ESM4,ssp370,2039,8.21560860
GFDL-ESM4,ssp370,2040,8.56646919
GFDL-ESM4,ssp370,2041,9.03377056
GFDL-ESM4,ssp370,2042,8.35569382
GFDL-ESM4,ssp370,2043,8.55881500
GFDL-ESM4,ssp370,2044,8.84186649
GFDL-ESM4,ssp370,2045,8.54375553
GFDL-ESM4,ssp370,2046,8.47926140
GFDL-ESM4,ssp370,2047,8.59337139
GFDL-ESM4,ssp370,2048,8.91162205
GFDL-ESM4,ssp370,2049,8.48708916
GFDL-ESM4,ssp370,2050,8.96487904
GFDL-ESM4,ssp370,2051,8.55778599
GFDL-ESM4,ssp370,2052,8.33208084
GFDL-ESM4,ssp370,2053,8.90942860
GFDL-ESM4,ssp370,2054,8.56580925
GFDL-ESM4,ssp370,2055,8.52325153
GFDL-ESM4,ssp370,2056,8.62085438
GFDL-ESM4,ssp370,2057,8.89871120
GFDL-ESM4,ssp370,2058,8.53244877
GFDL-ESM4,ssp370,2059,8.64561749
GFDL-ESM4,ssp370,2060,8.71614933
GFDL-ESM4,ssp370,2061,8.90590954
GFDL-ESM4,ssp370,2062,8.41612148
GFDL-ESM4,ssp370,2063,8.59661674
GFDL-ESM4,ssp370,2064,9.24766827
GFDL-ESM4,ssp370,2065,8.32658291
GFDL-ESM4,ssp370,2066,8.34263802
GFDL-ESM4,ssp370,2067,8.72179413
GFDL-ESM4,ssp370,2068,8.70504379
GFDL-ESM4,ssp370,2069,8.87622166
GFDL-ESM4,ssp370,2070,8.35797215
GFDL-ESM4,ssp370,2071,8.30800343
GFDL-ESM4,ssp370,2072,8.83354282
GFDL-ESM4,ssp370,2073,8.34655285
GFDL-ESM4,ssp370,2074,8.76707077
GFDL-ESM4,ssp370,2075,8.52741909
GFDL-ESM4,ssp370,2076,8.28767872
GFDL-ESM4,ssp370,2077,8.64150620
GFDL-ESM4,ssp370,2078,8.77778912
GFDL-ESM4,ssp370,2079,8.41304111
GFDL-ESM4,ssp370,2080,8.82429028
GFDL-ESM4,ssp370,2081,8.44571686
GFDL-ESM4,ssp370,2082,8.61612892
GFDL-ESM4,ssp370,2083,8.23639297
GFDL-ESM4,ssp370,2084,8.85827351
GFDL-ESM4,ssp370,2085,8.11377144
GFDL-ESM4,ssp370,2086,8.58366871
GFDL-ESM4,ssp370,2087,8.82530212
GFDL-ESM4,ssp370,2088,8.18004704
GFDL-ESM4,ssp370,2089,8.55025005
GFDL-ESM4,ssp370,2090,8.20679855
GFDL-ESM4,ssp370,2091,8.58584690
GFDL-ESM4,ssp370,2092,8.62219906
GFDL-ESM4,ssp370,2093,8.50815201
GFDL-ESM4,ssp370,2094,8.32791615
GFDL-ESM4,ssp370,2095,8.78198528
GFDL-ESM4,ssp370,2096,8.70195866
GFDL-ESM4,ssp370,2097,8.41030979
GFDL-ESM4,ssp370,2098,8.58007336
GFDL-ESM4,ssp370,2099,8.61119556
GFDL-ESM4,ssp370,2100,8.52142620
GFDL-ESM4,ssp585,2015,8.47304630
GFDL-ESM4,ssp585,2016,8.91122818
GFDL-ESM4,ssp585,2017,8.61953926
GFDL-ESM4,ssp585,2018,8.52899265
GFDL-ESM4,ssp585,2019,8.65910435
GFDL-ESM4,ssp585,2020,8.45659542
GFDL-ESM4,ssp585,2021,8.81177902
GFDL-ESM4,ssp585,2022,8.78405666
GFDL-ESM4,ssp585,2023,8.55878448
GFDL-ESM4,ssp585,2024,8.80780315
GFDL-ESM4,ssp585,2025,8.65917969
GFDL-ESM4,ssp585,2026,8.14028072
GFDL-ESM4,ssp585,2027,8.45805740
GFDL-ESM4,ssp585,2028,8.64578819
GFDL-ESM4,ssp585,2029,8.82936192
GFDL-ESM4,ssp585,2030,8.20234966
GFDL-ESM4,ssp585,2031,9.00574398
GFDL-ESM4,ssp585,2032,8.67644215
GFDL-ESM4,ssp585,2033,8.50340939
GFDL-ESM4,ssp585,2034,8.40785503
GFDL-ESM4,ssp585,2035,8.51777554
GFDL-ESM4,ssp585,2036,8.81834507
GFDL-ESM4,ssp585,2037,8.67891216
GFDL-ESM4,ssp585,2038,8.51390553
GFDL-ESM4,ssp585,2039,8.65408134
GFDL-ESM4,ssp585,2040,8.63353920
GFDL-ESM4,ssp585,2041,8.54449940
GFDL-ESM4,ssp585,2042,8.73944759
GFDL-ESM4,ssp585,2043,8.52533436
GFDL-ESM4,ssp585,2044,8.51485443
GFDL-ESM4,ssp585,2045,8.76593494
GFDL-ESM4,ssp585,2046,8.34163380
GFDL-ESM4,ssp585,2047,8.28541088
GFDL-ESM4,ssp585,2048,8.58042431
GFDL-ESM4,ssp585,2049,8.60009575
GFDL-ESM4,ssp585,2050,8.65120029
GFDL-ESM4,ssp585,2051,8.75562763
GFDL-ESM4,ssp585,2052,8.63291550
GFDL-ESM4,ssp585,2053,8.94199085
GFDL-ESM4,ssp585,2054,8.73068142
GFDL-ESM4,ssp585,2055,8.50329494
GFDL-ESM4,ssp585,2056,8.50382900
GFDL-ESM4,ssp585,2057,8.68604755
GFDL-ESM4,ssp585,2058,8.31585979
GFDL-ESM4,ssp585,2059,8.75830555
GFDL-ESM4,ssp585,2060,8.74412918
GFDL-ESM4,ssp585,2061,8.68346596
GFDL-ESM4,ssp585,2062,8.37398720
GFDL-ESM4,ssp585,2063,8.51697445
GFDL-ESM4,ssp585,2064,8.71151638
GFDL-ESM4,ssp585,2065,8.47262096
GFDL-ESM4,ssp585,2066,8.77645874
GFDL-ESM4,ssp585,2067,8.67365551
GFDL-ESM4,ssp585,2068,8.47121525
GFDL-ESM4,ssp585,2069,8.39027500
GFDL-ESM4,ssp585,2070,8.63253975
GFDL-ESM4,ssp585,2071,8.30769444
GFDL-ESM4,ssp585,2072,8.45461941
GFDL-ESM4,ssp585,2073,9.11575031
GFDL-ESM4,ssp585,2074,8.75917816
GFDL-ESM4,ssp585,2075,8.41048908
GFDL-ESM4,ssp585,2076,8.35492325
GFDL-ESM4,ssp585,2077,8.60714912
GFDL-ESM4,ssp585,2078,8.48853016
GFDL-ESM4,ssp585,2079,7.80135107
GFDL-ESM4,ssp585,2080,8.85015583
GFDL-ESM4,ssp585,2081,8.66198540
GFDL-ESM4,ssp585,2082,8.16352749
GFDL-ESM4,ssp585,2083,8.18903446
GFDL-ESM4,ssp585,2084,8.64213085
GFDL-ESM4,ssp585,2085,8.63308430
GFDL-ESM4,ssp585,2086,8.71925640
GFDL-ESM4,ssp585,2087,8.32815838
GFDL-ESM4,ssp585,2088,8.81923771
GFDL-ESM4,ssp585,2089,8.67420673
GFDL-ESM4,ssp585,2090,8.36589432
GFDL-ESM4,ssp585,2091,8.64130306
GFDL-ESM4,ssp585,2092,8.63878822
GFDL-ESM4,ssp585,2093,8.51304626
GFDL-ESM4,ssp585,2094,8.54792976
GFDL-ESM4,ssp585,2095,8.59060287
GFDL-ESM4,ssp585,2096,8.27675629
GFDL-ESM4,ssp585,2097,8.32613468
GFDL-ESM4,ssp585,2098,8.71069431
GFDL-ESM4,ssp585,2099,9.01172256
GFDL-ESM4,ssp585,2100,8.28545856
NorESM2-MM,historical,1960,7.71146774
NorESM2-MM,historical,1961,7.96354818
NorESM2-MM,historical,1962,8.14045048
NorESM2-MM,historical,1963,7.94762278
NorESM2-MM,historical,1964,7.66415167
NorESM2-MM,historical,1965,7.88458252
NorESM2-MM,historical,1966,7.80629396
NorESM2-MM,historical,1967,7.93947935
NorESM2-MM,historical,1968,8.14231014
NorESM2-MM,historical,1969,7.74476957
NorESM2-MM,historical,1970,8.17689610
NorESM2-MM,historical,1971,7.97429323
NorESM2-MM,historical,1972,7.68245649
NorESM2-MM,historical,1973,8.05619240
NorESM2-MM,historical,1974,7.70836973
NorESM2-MM,historical,1975,7.91065454
NorESM2-MM,historical,1976,7.88411093
NorESM2-MM,historical,1977,7.87075090
NorESM2-MM,historical,1978,7.69162893
NorESM2-MM,historical,1979,7.93473959
NorESM2-MM,historical,1980,7.80262756
NorESM2-MM,historical,1981,7.68071413
NorESM2-MM,historical,1982,7.81181002
NorESM2-MM,historical,1983,7.76034975
NorESM2-MM,historical,1984,8.00785446
NorESM2-MM,historical,1985,7.52758980
NorESM2-MM,historical,1986,7.93522501
NorESM2-MM,historical,1987,7.94277143
NorESM2-MM,historical,1988,7.72617149
NorESM2-MM,historical,1989,7.72892427
NorESM2-MM,historical,1990,8.16236877
NorESM2-MM,historical,1991,7.68571424
NorESM2-MM,historical,1992,7.91351700
NorESM2-MM,historical,1993,7.76647043
NorESM2-MM,historical,1994,7.79889727
NorESM2-MM,historical,1995,7.76982641
NorESM2-MM,historical,1996,7.73188829
NorESM2-MM,historical,1997,7.98063421
NorESM2-MM,historical,1998,7.95378447
NorESM2-MM,historical,1999,8.12394047
NorESM2-MM,historical,2000,7.85135841
NorESM2-MM,historical,2001,8.19645596
NorESM2-MM,historical,2002,7.82195807
NorESM2-MM,historical,2003,7.76206255
NorESM2-MM,historical,2004,7.85693407
NorESM2-MM,historical,2005,7.83675146
NorESM2-MM,historical,2006,7.62025976
NorESM2-MM,historical,2007,7.92046499
NorESM2-MM,historical,2008,7.79288292
NorESM2-MM,historical,2009,8.05566311
NorESM2-MM,historical,2010,7.88884735
NorESM2-MM,historical,2011,7.65379143
NorESM2-MM,historical,2012,7.85306358
NorESM2-MM,historical,2013,7.62989759
NorESM2-MM,historical,2014,7.45972204
NorESM2-MM,ssp126,2015,7.47023582
NorESM2-MM,ssp126,2016,7.59655237
NorESM2-MM,ssp126,2017,7.86261415
NorESM2-MM,ssp126,2018,7.72707367
NorESM2-MM,ssp126,2019,7.76082087
NorESM2-MM,ssp126,2020,7.99681616
NorESM2-MM,ssp126,2021,7.79496050
NorESM2-MM,ssp126,2022,7.76004457
NorESM2-MM,ssp126,2023,7.84602308
NorESM2-MM,ssp126,2024,7.87910652
NorESM2-MM,ssp126,2025,7.77395868
NorESM2-MM,ssp126,2026,7.72870445
NorESM2-MM,ssp126,2027,7.86186838
NorESM2-MM,ssp126,2028,7.74900055
NorESM2-MM,ssp126,2029,7.73057699
NorESM2-MM,ssp126,2030,7.82206964
NorESM2-MM,ssp126,2031,7.96718359
NorESM2-MM,ssp126,2032,7.85485697
NorESM2-MM,ssp126,2033,7.82549477
NorESM2-MM,ssp126,2034,7.74044800
NorESM2-MM,ssp126,2035,7.63686705
NorESM2-MM,ssp126,2036,7.84314156
NorESM2-MM,ssp126,2037,7.74252367
NorESM2-MM,ssp126,2038,7.86811686
NorESM2-MM,ssp126,2039,7.83373833
NorESM2-MM,ssp126,2040,7.63340569
NorESM2-MM,ssp126,2041,7.96806002
NorESM2-MM,ssp126,2042,7.70469618
NorESM2-MM,ssp126,2043,8.20902824
NorESM2-MM,ssp126,2044,7.66305971
NorESM2-MM,ssp126,2045,7.65150976
NorESM2-MM,ssp126,2046,7.49748945
NorESM2-MM,ssp126,2047,7.78262138
NorESM2-MM,ssp126,2048,8.00611591
NorESM2-MM,ssp126,2049,7.84733725
NorESM2-MM,ssp126,2050,7.70458746
NorESM2-MM,ssp126,2051,7.79179907
NorESM2-MM,ssp126,2052,7.83449125
NorESM2-MM,ssp126,2053,7.88447189
NorESM2-MM,ssp126,2054,7.74907827
NorESM2-MM,ssp126,2055,8.04412079
NorESM2-MM,ssp126,2056,7.85270643
NorESM2-MM,ssp126,2057,7.60001755
NorESM2-MM,ssp126,2058,7.88730478
NorESM2-MM,ssp126,2059,7.83885765
NorESM2-MM,ssp126,2060,7.71572161
NorESM2-MM,ssp126,2061,7.72229624
NorESM2-MM,ssp126,2062,7.74000883
NorESM2-MM,ssp126,2063,7.70540190
NorESM2-MM,ssp126,2064,7.80225515
NorESM2-MM,ssp126,2065,7.88261414
NorESM2-MM,ssp126,2066,7.70671463
NorESM2-MM,ssp126,2067,7.67141485
NorESM2-MM,ssp126,2068,7.61779928
NorESM2-MM,ssp126,2069,7.88150263
NorESM2-MM,ssp126,2070,7.61484480
NorESM2-MM,ssp126,2071,7.72204351
NorESM2-MM,ssp126,2072,7.77489090
NorESM2-MM,ssp126,2073,7.67484045
NorESM2-MM,ssp126,2074,7.94063711
NorESM2-MM,ssp126,2075,7.59910965
NorESM2-MM,ssp126,2076,7.67641878
NorESM2-MM,ssp126,2077,7.63663864
NorESM2-MM,ssp126,2078,7.69197512
NorESM2-MM,ssp126,2079,7.96554327
NorESM2-MM,ssp126,2080,7.57203150
NorESM2-MM,ssp126,2081,7.94636106
NorESM2-MM,ssp126,2082,7.59854460
NorESM2-MM,ssp126,2083,7.73948145
NorESM2-MM,ssp126,2084,7.85902071
NorESM2-MM,ssp126,2085,7.90445137
NorESM2-MM,ssp126,2086,8.08103657
NorESM2-MM,ssp126,2087,7.57386589
NorESM2-MM,ssp126,2088,7.79941559
NorESM2-MM,ssp126,2089,7.53378630
NorESM2-MM,ssp126,2090,7.73295593
NorESM2-MM,ssp126,2091,7.71287298
NorESM2-MM,ssp126,2092,7.74210882
NorESM2-MM,ssp126,2093,7.69505501
NorESM2-MM,ssp126,2094,7.59062719
NorESM2-MM,ssp126,2095,7.97632217
NorESM2-MM,ssp126,2096,7.81553459
NorESM2-MM,ssp126,2097,7.74832392
NorESM2-MM,ssp126,2098,8.22414303
NorESM2-MM,ssp126,2099,7.79687166
NorESM2-MM,ssp126,2100,7.87152910
NorESM2-MM,ssp245,2015,7.69608736
NorESM2-MM,ssp245,2016,7.49680471
NorESM2-MM,ssp245,2017,7.68389940
NorESM2-MM,ssp245,2018,7.77051210
NorESM2-MM,ssp245,2019,7.62191248
NorESM2-MM,ssp245,2020,7.65668488
NorESM2-MM,ssp245,2021,7.54302979
NorESM2-MM,ssp245,2022,7.48725653
NorESM2-MM,ssp245,2023,7.65012980
NorESM2-MM,ssp245,2024,7.93642426
NorESM2-MM,ssp245,2025,7.67751169
NorESM2-MM,ssp245,2026,7.69735193
NorESM2-MM,ssp245,2027,7.82136869
NorESM2-MM,ssp245,2028,7.52226448
NorESM2-MM,ssp245,2029,7.53323889
NorESM2-MM,ssp245,2030,7.73256922
NorESM2-MM,ssp245,2031,7.65886068
NorESM2-MM,ssp245,2032,7.89329720
NorESM2-MM,ssp245,2033,7.56746244
NorESM2-MM,ssp245,2034,7.68971109
NorESM2-MM,ssp245,2035,7.94684649
NorESM2-MM,ssp245,2036,7.77963877
NorESM2-MM,ssp245,2037,7.75724220
NorESM2-MM,ssp245,2038,7.98543215
NorESM2-MM,ssp245,2039,7.62153244
NorESM2-MM,ssp245,2040,7.86653090
NorESM2-MM,ssp245,2041,7.58989573
NorESM2-MM,ssp245,2042,7.64937925
NorESM2-MM,ssp245,2043,7.84520388
NorESM2-MM,ssp245,2044,7.78072166
NorESM2-MM,ssp245,2045,7.61030054
NorESM2-MM,ssp245,2046,7.62180376
NorESM2-MM,ssp245,2047,7.58654356
NorESM2-MM,ssp245,2048,7.65819407
NorESM2-MM,ssp245,2049,7.76602221
NorESM2-MM,ssp245,2050,7.58581543
NorESM2-MM,ssp245,2051,7.66840363
NorESM2-MM,ssp245,2052,7.85432959
NorESM2-MM,ssp245,2053,7.92075300
NorESM2-MM,ssp245,2054,7.60116720
NorESM2-MM,ssp245,2055,7.57454634
NorESM2-MM,ssp245,2056,7.58784676
NorESM2-MM,ssp245,2057,7.65782690
NorESM2-MM,ssp245,2058,7.61120224
NorESM2-MM,ssp245,2059,7.58819628
NorESM2-MM,ssp245,2060,7.66308355
NorESM2-MM,ssp245,2061,7.81054258
NorESM2-MM,ssp245,2062,7.74950218
NorESM2-MM,ssp245,2063,7.82555342
NorESM2-MM,ssp245,2064,7.77034378
NorESM2-MM,ssp245,2065,7.71455622
NorESM2-MM,ssp245,2066,7.93620920
NorESM2-MM,ssp245,2067,7.67373133
NorESM2-MM,ssp245,2068,7.45603561
NorESM2-MM,ssp245,2069,7.78532076
NorESM2-MM,ssp245,2070,7.70776129
NorESM2-MM,ssp245,2071,7.57425928
NorESM2-MM,ssp245,2072,7.57509565
NorESM2-MM,ssp245,2073,7.53704500
NorESM2-MM,ssp245,2074,7.89014864
NorESM2-MM,ssp245,2075,7.70692253
NorESM2-MM,ssp245,2076,7.58916616
NorESM2-MM,ssp245,2077,7.81021833
NorESM2-MM,ssp245,2078,7.53340769
NorESM2-MM,ssp245,2079,7.69991493
NorESM2-MM,ssp245,2080,7.46608591
NorESM2-MM,ssp245,2081,7.76794577
NorESM2-MM,ssp245,2082,7.82300138
NorESM2-MM,ssp245,2083,7.76175308
NorESM2-MM,ssp245,2084,7.65254211
NorESM2-MM,ssp245,2085,7.71468306
NorESM2-MM,ssp245,2086,7.90248060
NorESM2-MM,ssp245,2087,7.58513117
NorESM2-MM,ssp245,2088,7.51791334
NorESM2-MM,ssp245,2089,7.75934267
NorESM2-MM,ssp245,2090,7.55669165
NorESM2-MM,ssp245,2091,7.75938416
NorESM2-MM,ssp245,2092,7.64305544
NorESM2-MM,ssp245,2093,7.54936028
NorESM2-MM,ssp245,2094,7.67483664
NorESM2-MM,ssp245,2095,7.69421959
NorESM2-MM,ssp245,2096,7.62291479
NorESM2-MM,ssp245,2097,7.49381113
NorESM2-MM,ssp245,2098,7.87170839
NorESM2-MM,ssp245,2099,7.70980215
NorESM2-MM,ssp245,2100,7.72596359
NorESM2-MM,ssp370,2015,7.61602640
NorESM2-MM,ssp370,2016,7.65552139
NorESM2-MM,ssp370,2017,7.73093176
NorESM2-MM,ssp370,2018,7.84554243
NorESM2-MM,ssp370,2019,7.67925882
NorESM2-MM,ssp370,2020,7.66151428
NorESM2-MM,ssp370,2021,7.67031860
NorESM2-MM,ssp370,2022,7.77439737
NorESM2-MM,ssp370,2023,7.75868607
NorESM2-MM,ssp370,2024,7.77145052
NorESM2-MM,ssp370,2025,7.91087961
NorESM2-MM,ssp370,2026,7.97378874
NorESM2-MM,ssp370,2027,7.94084120
NorESM2-MM,ssp370,2028,7.74591446
NorESM2-MM,ssp370,2029,7.80631971
NorESM2-MM,ssp370,2030,7.84936857
NorESM2-MM,ssp370,2031,7.96143007
NorESM2-MM,ssp370,2032,7.74552107
NorESM2-MM,ssp370,2033,7.90510559
NorESM2-MM,ssp370,2034,7.87029219
NorESM2-MM,ssp370,2035,7.64984846
NorESM2-MM,ssp370,2036,7.58627892
NorESM2-MM,ssp370,2037,7.87067080
NorESM2-MM,ssp370,2038,7.78015089
NorESM2-MM,ssp370,2039,7.93531656
NorESM2-MM,ssp370,2040,7.70594168
NorESM2-MM,ssp370,2041,7.89665365
NorESM2-MM,ssp370,2042,7.73797274
NorESM2-MM,ssp370,2043,7.68474007
NorESM2-MM,ssp370,2044,7.70410585
NorESM2-MM,ssp370,2045,7.99240446
NorESM2-MM,ssp370,2046,7.73436022
NorESM2-MM,ssp370,2047,7.96141768
NorESM2-MM,ssp370,2048,7.99851274
NorESM2-MM,ssp370,2049,7.79971743
NorESM2-MM,ssp370,2050,7.80092001
NorESM2-MM,ssp370,2051,7.76873350
NorESM2-MM,ssp370,2052,7.60340881
NorESM2-MM,ssp370,2053,7.95995474
NorESM2-MM,ssp370,2054,7.43248034
NorESM2-MM,ssp370,2055,7.97867203
NorESM2-MM,ssp370,2056,7.82092714
NorESM2-MM,ssp370,2057,7.74678373
NorESM2-MM,ssp370,2058,8.04230022
NorESM2-MM,ssp370,2059,7.74575233
NorESM2-MM,ssp370,2060,7.62585592
NorESM2-MM,ssp370,2061,8.01564121
NorESM2-MM,ssp370,2062,7.82589579
NorESM2-MM,ssp370,2063,7.76167870
NorESM2-MM,ssp370,2064,7.80240107
NorESM2-MM,ssp370,2065,7.62636137
NorESM2-MM,ssp370,2066,7.71271944
NorESM2-MM,ssp370,2067,7.63403082
NorESM2-MM,ssp370,2068,7.49934053
NorESM2-MM,ssp370,2069,7.62011385
NorESM2-MM,ssp370,2070,7.77228880
NorESM2-MM,ssp370,2071,7.41110611
NorESM2-MM,ssp370,2072,7.84825754
NorESM2-MM,ssp370,2073,7.85517454
NorESM2-MM,ssp370,2074,7.59862709
NorESM2-MM,ssp370,2075,7.70501661
NorESM2-MM,ssp370,2076,7.97403955
NorESM2-MM,ssp370,2077,7.99001932
NorESM2-MM,ssp370,2078,7.79910612
NorESM2-MM,ssp370,2079,7.77972412
NorESM2-MM,ssp370,2080,7.56002569
NorESM2-MM,ssp370,2081,7.59699583
NorESM2-MM,ssp370,2082,7.56725740
NorESM2-MM,ssp370,2083,7.69512987
NorESM2-MM,ssp370,2084,7.82400513
NorESM2-MM,ssp370,2085,7.78164339
NorESM2-MM,ssp370,2086,7.93718672
NorESM2-MM,ssp370,2087,7.70136261
NorESM2-MM,ssp370,2088,7.84128237
NorESM2-MM,ssp370,2089,7.73778582
NorESM2-MM,ssp370,2090,7.46073675
NorESM2-MM,ssp370,2091,7.91044188
NorESM2-MM,ssp370,2092,8.00821018
NorESM2-MM,ssp370,2093,7.39594698
NorESM2-MM,ssp370,2094,7.71547842
NorESM2-MM,ssp370,2095,7.73793077
NorESM2-MM,ssp370,2096,7.68472338
NorESM2-MM,ssp370,2097,7.88939428
NorESM2-MM,ssp370,2098,7.72817850
NorESM2-MM,ssp370,2099,7.83633947
NorESM2-MM,ssp370,2100,7.91011238
NorESM2-MM,ssp585,2015,7.53569269
NorESM2-MM,ssp585,2016,8.08997631
NorESM2-MM,ssp585,2017,7.55710173
NorESM2-MM,ssp585,2018,7.79613638
NorESM2-MM,ssp585,2019,7.50486898
NorESM2-MM,ssp585,2020,7.63346910
NorESM2-MM,ssp585,2021,7.82634783
NorESM2-MM,ssp585,2022,7.73533821
NorESM2-MM,ssp585,2023,7.86527681
NorESM2-MM,ssp585,2024,8.13790035
NorESM2-MM,ssp585,2025,7.51409292
NorESM2-MM,ssp585,2026,7.88044691
NorESM2-MM,ssp585,2027,7.65679502
NorESM2-MM,ssp585,2028,8.01950169
NorESM2-MM,ssp585,2029,8.09233284
NorESM2-MM,ssp585,2030,7.44663572
NorESM2-MM,ssp585,2031,7.82384634
NorESM2-MM,ssp585,2032,7.95145273
NorESM2-MM,ssp585,2033,7.65170336
NorESM2-MM,ssp585,2034,7.90724564
NorESM2-MM,ssp585,2035,7.85690546
NorESM2-MM,ssp585,2036,8.02451611
NorESM2-MM,ssp585,2037,8.00411129
NorESM2-MM,ssp585,2038,7.79556990
NorESM2-MM,ssp585,2039,7.73456717
NorESM2-MM,ssp585,2040,7.85710526
NorESM2-MM,ssp585,2041,7.82540703
NorESM2-MM,ssp585,2042,7.88764429
NorESM2-MM,ssp585,2043,7.73818588
NorESM2-MM,ssp585,2044,7.64188385
NorESM2-MM,ssp585,2045,7.90734339
NorESM2-MM,ssp585,2046,8.11004829
NorESM2-MM,ssp585,2047,7.62113714
NorESM2-MM,ssp585,2048,8.18864727
NorESM2-MM,ssp585,2049,7.64011002
NorESM2-MM,ssp585,2050,7.80811262
NorESM2-MM,ssp585,2051,7.81053543
NorESM2-MM,ssp585,2052,7.75239897
NorESM2-MM,ssp585,2053,7.77421904
NorESM2-MM,ssp585,2054,7.93594313
NorESM2-MM,ssp585,2055,7.97758865
NorESM2-MM,ssp585,2056,7.92007113
NorESM2-MM,ssp585,2057,7.85327530
NorESM2-MM,ssp585,2058,7.72144270
NorESM2-MM,ssp585,2059,7.62000275
NorESM2-MM,ssp585,2060,7.56174517
NorESM2-MM,ssp585,2061,7.67503500
NorESM2-MM,ssp585,2062,7.72799492
NorESM2-MM,ssp585,2063,7.83260345
NorESM2-MM,ssp585,2064,7.68971825
NorESM2-MM,ssp585,2065,7.52898788
NorESM2-MM,ssp585,2066,7.99793386
NorESM2-MM,ssp585,2067,7.62909174
NorESM2-MM,ssp585,2068,7.64733696
NorESM2-MM,ssp585,2069,7.73488379
NorESM2-MM,ssp585,2070,7.61792612
NorESM2-MM,ssp585,2071,7.37056971
NorESM2-MM,ssp585,2072,7.83370352
NorESM2-MM,ssp585,2073,7.85791063
NorESM2-MM,ssp585,2074,7.83830070
NorESM2-MM,ssp585,2075,7.51668310
NorESM2-MM,ssp585,2076,7.81369209
NorESM2-MM,ssp585,2077,7.57623243
NorESM2-MM,ssp585,2078,7.71941805
NorESM2-MM,ssp585,2079,7.52850866
NorESM2-MM,ssp585,2080,7.59474421
NorESM2-MM,ssp585,2081,7.66313314
NorESM2-MM,ssp585,2082,7.59445572
NorESM2-MM,ssp585,2083,7.68809271
NorESM2-MM,ssp585,2084,7.68354464
NorESM2-MM,ssp585,2085,7.71470118
NorESM2-MM,ssp585,2086,7.73887444
NorESM2-MM,ssp585,2087,7.77981710
NorESM2-MM,ssp585,2088,7.90658426
NorESM2-MM,ssp585,2089,7.63223505
NorESM2-MM,ssp585,2090,8.00775814
NorESM2-MM,ssp585,2091,7.69008398
NorESM2-MM,ssp585,2092,7.61891127
NorESM2-MM,ssp585,2093,7.62482643
NorESM2-MM,ssp585,2094,7.75634003
NorESM2-MM,ssp585,2095,7.76446104
NorESM2-MM,ssp585,2096,7.87677002
NorESM2-MM,ssp585,2097,7.68720675
NorESM2-MM,ssp585,2098,7.74677229
NorESM2-MM,ssp585,2099,7.79703522
NorESM2-MM,ssp585,2100,7.63896322
