model,experiment,year,tas
ACCESS-CM2,historical,1960,281.40246582
ACCESS-CM2,historical,1961,282.43020630
ACCESS-CM2,historical,1962,281.69195557
ACCESS-CM2,historical,1963,282.80157471
ACCESS-CM2,historical,1964,281.95544434
ACCESS-CM2,historical,1965,282.87982178
ACCESS-CM2,historical,1966,280.51138306
ACCESS-CM2,historical,1967,282.45120239
ACCESS-CM2,historical,1968,282.27258301
ACCESS-CM2,historical,1969,284.17248535
ACCESS-CM2,historical,1970,282.09686279
ACCESS-CM2,historical,1971,282.41809082
ACCESS-CM2,historical,1972,282.21243286
ACCESS-CM2,historical,1973,282.96170044
ACCESS-CM2,historical,1974,282.00003052
ACCESS-CM2,historical,1975,281.65499878
ACCESS-CM2,historical,1976,282.99865723
ACCESS-CM2,historical,1977,282.17642212
ACCESS-CM2,historical,1978,282.78713989
ACCESS-CM2,historical,1979,281.97833252
ACCESS-CM2,historical,1980,283.14285278
ACCESS-CM2,historical,1981,282.67465210
ACCESS-CM2,historical,1982,282.25964355
ACCESS-CM2,historical,1983,281.74691772
ACCESS-CM2,historical,1984,283.22702026
ACCESS-CM2,historical,1985,282.58071899
ACCESS-CM2,historical,1986,282.26855469
ACCESS-CM2,historical,1987,283.51309204
ACCESS-CM2,historical,1988,283.13546753
ACCESS-CM2,historical,1989,284.23507690
ACCESS-CM2,historical,1990,283.54824829
ACCESS-CM2,historical,1991,282.20703125
ACCESS-CM2,historical,1992,283.22964478
ACCESS-CM2,historical,1993,282.63821411
ACCESS-CM2,historical,1994,282.23370361
ACCESS-CM2,historical,1995,283.61047363
ACCESS-CM2,historical,1996,283.79727173
ACCESS-CM2,historical,1997,283.45074463
ACCESS-CM2,historical,1998,282.56939697
ACCESS-CM2,historical,1999,282.12777710
ACCESS-CM2,historical,2000,281.59225464
ACCESS-CM2,historical,2001,282.60452271
ACCESS-CM2,historical,2002,282.20864868
ACCESS-CM2,historical,2003,283.57678223
ACCESS-CM2,historical,2004,283.09423828
ACCESS-CM2,historical,2005,283.35095215
ACCESS-CM2,historical,2006,283.14306641
ACCESS-CM2,historical,2007,283.34530640
ACCESS-CM2,historical,2008,281.62457275
ACCESS-CM2,historical,2009,281.84298706
ACCESS-CM2,historical,2010,282.06195068
ACCESS-CM2,historical,2011,283.50674438
ACCESS-CM2,historical,2012,282.98403931
ACCESS-CM2,historical,2013,282.86196899
ACCESS-CM2,historical,2014,282.24099731
ACCESS-CM2,ssp126,2015,282.94177246
ACCESS-CM2,ssp126,2016,282.95849609
ACCESS-CM2,ssp126,2017,284.08068848
ACCESS-CM2,ssp126,2018,284.09899902
ACCESS-CM2,ssp126,2019,283.37097168
ACCESS-CM2,ssp126,2020,283.63607788
ACCESS-CM2,ssp126,2021,283.78475952
ACCESS-CM2,ssp126,2022,284.69366455
ACCESS-CM2,ssp126,2023,283.86526489
ACCESS-CM2,ssp126,2024,284.30252075
ACCESS-CM2,ssp126,2025,283.37261963
ACCESS-CM2,ssp126,2026,283.59417725
ACCESS-CM2,ssp126,2027,283.11294556
ACCESS-CM2,ssp126,2028,284.48138428
ACCESS-CM2,ssp126,2029,283.08743286
ACCESS-CM2,ssp126,2030,284.09259033
ACCESS-CM2,ssp126,2031,284.16070557
ACCESS-CM2,ssp126,2032,284.27835083
ACCESS-CM2,ssp126,2033,284.55905151
ACCESS-CM2,ssp126,2034,282.48425293
ACCESS-CM2,ssp126,2035,284.01385498
ACCESS-CM2,ssp126,2036,284.35137939
ACCESS-CM2,ssp126,2037,284.82189941
ACCESS-CM2,ssp126,2038,284.22561646
ACCESS-CM2,ssp126,2039,283.07809448
ACCESS-CM2,ssp126,2040,283.53231812
ACCESS-CM2,ssp126,2041,282.51855469
ACCESS-CM2,ssp126,2042,282.73165894
ACCESS-CM2,ssp126,2043,284.95782471
ACCESS-CM2,ssp126,2044,286.18371582
ACCESS-CM2,ssp126,2045,283.62155151
ACCESS-CM2,ssp126,2046,284.06103516
ACCESS-CM2,ssp126,2047,283.63281250
ACCESS-CM2,ssp126,2048,284.36083984
ACCESS-CM2,ssp126,2049,284.50961304
ACCESS-CM2,ssp126,2050,284.64804077
ACCESS-CM2,ssp126,2051,285.44851685
ACCESS-CM2,ssp126,2052,283.07846069
ACCESS-CM2,ssp126,2053,284.68640137
ACCESS-CM2,ssp126,2054,285.42004395
ACCESS-CM2,ssp126,2055,285.81137085
ACCESS-CM2,ssp126,2056,285.47412109
ACCESS-CM2,ssp126,2057,283.04043579
ACCESS-CM2,ssp126,2058,284.28555298
ACCESS-CM2,ssp126,2059,284.79528809
ACCESS-CM2,ssp126,2060,285.18624878
ACCESS-CM2,ssp126,2061,285.47225952
ACCESS-CM2,ssp126,2062,283.65515137
ACCESS-CM2,ssp126,2063,284.18411255
ACCESS-CM2,ssp126,2064,284.00531006
ACCESS-CM2,ssp126,2065,283.28512573
ACCESS-CM2,ssp126,2066,284.44488525
ACCESS-CM2,ssp126,2067,284.78726196
ACCESS-CM2,ssp126,2068,284.74819946
ACCESS-CM2,ssp126,2069,284.61624146
ACCESS-CM2,ssp126,2070,284.47805786
ACCESS-CM2,ssp126,2071,284.85952759
ACCESS-CM2,ssp126,2072,285.28890991
ACCESS-CM2,ssp126,2073,285.04492188
ACCESS-CM2,ssp126,2074,284.83224487
ACCESS-CM2,ssp126,2075,284.13537598
ACCESS-CM2,ssp126,2076,285.22558594
ACCESS-CM2,ssp126,2077,285.39712524
ACCESS-CM2,ssp126,2078,284.54608154
ACCESS-CM2,ssp126,2079,284.58105469
ACCESS-CM2,ssp126,2080,285.38049316
ACCESS-CM2,ssp126,2081,284.35290527
ACCESS-CM2,ssp126,2082,284.45880127
ACCESS-CM2,ssp126,2083,283.26260376
ACCESS-CM2,ssp126,2084,282.66003418
ACCESS-CM2,ssp126,2085,283.89999390
ACCESS-CM2,ssp126,2086,284.51699829
ACCESS-CM2,ssp126,2087,283.93151855
ACCESS-CM2,ssp126,2088,284.12771606
ACCESS-CM2,ssp126,2089,283.82617188
ACCESS-CM2,ssp126,2090,284.51858521
ACCESS-CM2,ssp126,2091,284.09863281
ACCESS-CM2,ssp126,2092,284.58999634
ACCESS-CM2,ssp126,2093,284.75686646
ACCESS-CM2,ssp126,2094,284.73284912
ACCESS-CM2,ssp126,2095,282.59988403
ACCESS-CM2,ssp126,2096,284.27914429
ACCESS-CM2,ssp126,2097,284.88085938
ACCESS-CM2,ssp126,2098,284.84756470
ACCESS-CM2,ssp126,2099,284.52853394
ACCESS-CM2,ssp245,2015,283.81222534
ACCESS-CM2,ssp245,2016,281.68988037
ACCESS-CM2,ssp245,2017,283.54364014
ACCESS-CM2,ssp245,2018,283.20156860
ACCESS-CM2,ssp245,2019,281.40393066
ACCESS-CM2,ssp245,2020,284.26962280
ACCESS-CM2,ssp245,2021,285.04147339
ACCESS-CM2,ssp245,2022,283.00079346
ACCESS-CM2,ssp245,2023,283.25439453
ACCESS-CM2,ssp245,2024,282.88897705
ACCESS-CM2,ssp245,2025,282.25735474
ACCESS-CM2,ssp245,2026,283.11337280
ACCESS-CM2,ssp245,2027,282.72003174
ACCESS-CM2,ssp245,2028,284.53683472
ACCESS-CM2,ssp245,2029,282.64840698
ACCESS-CM2,ssp245,2030,283.80636597
ACCESS-CM2,ssp245,2031,281.68966675
ACCESS-CM2,ssp245,2032,284.16864014
ACCESS-CM2,ssp245,2033,284.01126099
ACCESS-CM2,ssp245,2034,283.70275879
ACCESS-CM2,ssp245,2035,284.22900391
ACCESS-CM2,ssp245,2036,283.86663818
ACCESS-CM2,ssp245,2037,283.75503540
ACCESS-CM2,ssp245,2038,282.77279663
ACCESS-CM2,ssp245,2039,283.56787109
ACCESS-CM2,ssp245,2040,285.65780640
ACCESS-CM2,ssp245,2041,284.34429932
ACCESS-CM2,ssp245,2042,283.42095947
ACCESS-CM2,ssp245,2043,284.34402466
ACCESS-CM2,ssp245,2044,283.92318726
ACCESS-CM2,ssp245,2045,284.97106934
ACCESS-CM2,ssp245,2046,286.08734131
ACCESS-CM2,ssp245,2047,284.99523926
ACCESS-CM2,ssp245,2048,286.04681396
ACCESS-CM2,ssp245,2049,284.49911499
ACCESS-CM2,ssp245,2050,285.24346924
ACCESS-CM2,ssp245,2051,283.98345947
ACCESS-CM2,ssp245,2052,284.82388306
ACCESS-CM2,ssp245,2053,284.22811890
ACCESS-CM2,ssp245,2054,285.22885132
ACCESS-CM2,ssp245,2055,285.01177979
ACCESS-CM2,ssp245,2056,285.38247681
ACCESS-CM2,ssp245,2057,283.69259644
ACCESS-CM2,ssp245,2058,285.11090088
ACCESS-CM2,ssp245,2059,287.19421387
ACCESS-CM2,ssp245,2060,285.09146118
ACCESS-CM2,ssp245,2061,284.34585571
ACCESS-CM2,ssp245,2062,284.00466919
ACCESS-CM2,ssp245,2063,284.84262085
ACCESS-CM2,ssp245,2064,284.65734863
ACCESS-CM2,ssp245,2065,284.98056030
ACCESS-CM2,ssp245,2066,285.15463257
ACCESS-CM2,ssp245,2067,284.88134766
ACCESS-CM2,ssp245,2068,285.49844360
ACCESS-CM2,ssp245,2069,284.81686401
ACCESS-CM2,ssp245,2070,285.40576172
ACCESS-CM2,ssp245,2071,285.24395752
ACCESS-CM2,ssp245,2072,285.30798340
ACCESS-CM2,ssp245,2073,285.45489502
ACCESS-CM2,ssp245,2074,284.94137573
ACCESS-CM2,ssp245,2075,285.43588257
ACCESS-CM2,ssp245,2076,284.40863037
ACCESS-CM2,ssp245,2077,284.05508423
ACCESS-CM2,ssp245,2078,285.96496582
ACCESS-CM2,ssp245,2079,286.08877563
ACCESS-CM2,ssp245,2080,285.60784912
ACCESS-CM2,ssp245,2081,284.27554321
ACCESS-CM2,ssp245,2082,284.27029419
ACCESS-CM2,ssp245,2083,285.01296997
ACCESS-CM2,ssp245,2084,285.19015503
ACCESS-CM2,ssp245,2085,285.43453979
ACCESS-CM2,ssp245,2086,286.19967651
ACCESS-CM2,ssp245,2087,285.10705566
ACCESS-CM2,ssp245,2088,285.89944458
ACCESS-CM2,ssp245,2089,285.69122314
ACCESS-CM2,ssp245,2090,285.34518433
ACCESS-CM2,ssp245,2091,286.52893066
ACCESS-CM2,ssp245,2092,285.99945068
ACCESS-CM2,ssp245,2093,285.49813843
ACCESS-CM2,ssp245,2094,285.37789917
ACCESS-CM2,ssp245,2095,286.51260376
ACCESS-CM2,ssp245,2096,286.48269653
ACCESS-CM2,ssp245,2097,284.56216431
ACCESS-CM2,ssp245,2098,286.72537231
ACCESS-CM2,ssp245,2099,285.43814087
ACCESS-CM2,ssp370,2015,282.65539551
ACCESS-CM2,ssp370,2016,282.76354980
ACCESS-CM2,ssp370,2017,281.96731567
ACCESS-CM2,ssp370,2018,282.20355225
ACCESS-CM2,ssp370,2019,283.36172485
ACCESS-CM2,ssp370,2020,284.28463745
ACCESS-CM2,ssp370,2021,283.46975708
ACCESS-CM2,ssp370,2022,284.46929932
ACCESS-CM2,ssp370,2023,284.00280762
ACCESS-CM2,ssp370,2024,284.45034790
ACCESS-CM2,ssp370,2025,282.66571045
ACCESS-CM2,ssp370,2026,283.04653931
ACCESS-CM2,ssp370,2027,284.42175293
ACCESS-CM2,ssp370,2028,283.44842529
ACCESS-CM2,ssp370,2029,284.90853882
ACCESS-CM2,ssp370,2030,283.78250122
ACCESS-CM2,ssp370,2031,285.88439941
ACCESS-CM2,ssp370,2032,284.06155396
ACCESS-CM2,ssp370,2033,283.45550537
ACCESS-CM2,ssp370,2034,285.02130127
ACCESS-CM2,ssp370,2035,284.25451660
ACCESS-CM2,ssp370,2036,283.35711670
ACCESS-CM2,ssp370,2037,285.20666504
ACCESS-CM2,ssp370,2038,284.03140259
ACCESS-CM2,ssp370,2039,284.50430298
ACCESS-CM2,ssp370,2040,283.94064331
ACCESS-CM2,ssp370,2041,284.24359131
ACCESS-CM2,ssp370,2042,283.44567871
ACCESS-CM2,ssp370,2043,285.25427246
ACCESS-CM2,ssp370,2044,284.20330811
ACCESS-CM2,ssp370,2045,284.16732788
ACCESS-CM2,ssp370,2046,284.16571045
ACCESS-CM2,ssp370,2047,284.21890259
ACCESS-CM2,ssp370,2048,284.98468018
ACCESS-CM2,ssp370,2049,284.48422241
ACCESS-CM2,ssp370,2050,284.53836060
ACCESS-CM2,ssp370,2051,283.17541504
ACCESS-CM2,ssp370,2052,285.95544434
ACCESS-CM2,ssp370,2053,285.43603516
ACCESS-CM2,ssp370,2054,285.05398560
ACCESS-CM2,ssp370,2055,284.81027222
ACCESS-CM2,ssp370,2056,286.26632690
ACCESS-CM2,ssp370,2057,284.72851562
ACCESS-CM2,ssp370,2058,285.51818848
ACCESS-CM2,ssp370,2059,285.97906494
ACCESS-CM2,ssp370,2060,286.90512085
ACCESS-CM2,ssp370,2061,284.71255493
ACCESS-CM2,ssp370,2062,285.79861450
ACCESS-CM2,ssp370,2063,286.11486816
ACCESS-CM2,ssp370,2064,285.43624878
ACCESS-CM2,ssp370,2065,285.45565796
ACCESS-CM2,ssp370,2066,285.01330566
ACCESS-CM2,ssp370,2067,285.18441772
ACCESS-CM2,ssp370,2068,284.45419312
ACCESS-CM2,ssp370,2069,284.85232544
ACCESS-CM2,ssp370,2070,286.27337646
ACCESS-CM2,ssp370,2071,285.25332642
ACCESS-CM2,ssp370,2072,285.61523438
ACCESS-CM2,ssp370,2073,285.37060547
ACCESS-CM2,ssp370,2074,285.20626831
ACCESS-CM2,ssp370,2075,286.15591431
ACCESS-CM2,ssp370,2076,285.47821045
ACCESS-CM2,ssp370,2077,285.01510620
ACCESS-CM2,ssp370,2078,286.42950439
ACCESS-CM2,ssp370,2079,286.03451538
ACCESS-CM2,ssp370,2080,284.44351196
ACCESS-CM2,ssp370,2081,286.40032959
ACCESS-CM2,ssp370,2082,286.59277344
ACCESS-CM2,ssp370,2083,286.38119507
ACCESS-CM2,ssp370,2084,285.76873779
ACCESS-CM2,ssp370,2085,285.47549438
ACCESS-CM2,ssp370,2086,286.66351318
ACCESS-CM2,ssp370,2087,286.68322754
ACCESS-CM2,ssp370,2088,287.40234375
ACCESS-CM2,ssp370,2089,286.68142700
ACCESS-CM2,ssp370,2090,286.41281128
ACCESS-CM2,ssp370,2091,287.05603027
ACCESS-CM2,ssp370,2092,286.14825439
ACCESS-CM2,ssp370,2093,286.96051025
ACCESS-CM2,ssp370,2094,287.47137451
ACCESS-CM2,ssp370,2095,286.73678589
ACCESS-CM2,ssp370,2096,287.32220459
ACCESS-CM2,ssp370,2097,287.33883667
ACCESS-CM2,ssp370,2098,287.24212646
ACCESS-CM2,ssp370,2099,286.12902832
ACCESS-CM2,ssp585,2015,283.24215698
ACCESS-CM2,ssp585,2016,282.60394287
ACCESS-CM2,ssp585,2017,283.69534302
ACCESS-CM2,ssp585,2018,282.29772949
ACCESS-CM2,ssp585,2019,283.03042603
ACCESS-CM2,ssp585,2020,283.05792236
ACCESS-CM2,ssp585,2021,283.60070801
ACCESS-CM2,ssp585,2022,283.36621094
ACCESS-CM2,ssp585,2023,282.59661865
ACCESS-CM2,ssp585,2024,283.51837158
ACCESS-CM2,ssp585,2025,283.77584839
ACCESS-CM2,ssp585,2026,283.45989990
ACCESS-CM2,ssp585,2027,283.96826172
ACCESS-CM2,ssp585,2028,284.20413208
ACCESS-CM2,ssp585,2029,284.46298218
ACCESS-CM2,ssp585,2030,284.81445312
ACCESS-CM2,ssp585,2031,282.87277222
ACCESS-CM2,ssp585,2032,283.09768677
ACCESS-CM2,ssp585,2033,283.55505371
ACCESS-CM2,ssp585,2034,284.18414307
ACCESS-CM2,ssp585,2035,283.58621216
ACCESS-CM2,ssp585,2036,284.43878174
ACCESS-CM2,ssp585,2037,283.94949341
ACCESS-CM2,ssp585,2038,283.24508667
ACCESS-CM2,ssp585,2039,284.60794067
ACCESS-CM2,ssp585,2040,283.17013550
ACCESS-CM2,ssp585,2041,284.23254395
ACCESS-CM2,ssp585,2042,283.80331421
ACCESS-CM2,ssp585,2043,283.53067017
ACCESS-CM2,ssp585,2044,283.63458252
ACCESS-CM2,ssp585,2045,284.38031006
ACCESS-CM2,ssp585,2046,285.77725220
ACCESS-CM2,ssp585,2047,284.74496460
ACCESS-CM2,ssp585,2048,284.64651489
ACCESS-CM2,ssp585,2049,283.64892578
ACCESS-CM2,ssp585,2050,284.43374634
ACCESS-CM2,ssp585,2051,285.51757812
ACCESS-CM2,ssp585,2052,285.86505127
ACCESS-CM2,ssp585,2053,284.52777100
ACCESS-CM2,ssp585,2054,285.50183105
ACCESS-CM2,ssp585,2055,284.76397705
ACCESS-CM2,ssp585,2056,285.36468506
ACCESS-CM2,ssp585,2057,285.68423462
ACCESS-CM2,ssp585,2058,286.10015869
ACCESS-CM2,ssp585,2059,285.95803833
ACCESS-CM2,ssp585,2060,285.60562134
ACCESS-CM2,ssp585,2061,285.24157715
ACCESS-CM2,ssp585,2062,286.16671753
ACCESS-CM2,ssp585,2063,286.50711060
ACCESS-CM2,ssp585,2064,286.10305786
ACCESS-CM2,ssp585,2065,286.37649536
ACCESS-CM2,ssp585,2066,286.90176392
ACCESS-CM2,ssp585,2067,286.25653076
ACCESS-CM2,ssp585,2068,284.87170410
ACCESS-CM2,ssp585,2069,286.56729126
ACCESS-CM2,ssp585,2070,286.24652100
ACCESS-CM2,ssp585,2071,285.95040894
ACCESS-CM2,ssp585,2072,286.90765381
ACCESS-CM2,ssp585,2073,286.62921143
ACCESS-CM2,ssp585,2074,287.69790649
ACCESS-CM2,ssp585,2075,286.51095581
ACCESS-CM2,ssp585,2076,285.85906982
ACCESS-CM2,ssp585,2077,287.67727661
ACCESS-CM2,ssp585,2078,287.22592163
ACCESS-CM2,ssp585,2079,286.58468628
ACCESS-CM2,ssp585,2080,286.91915894
ACCESS-CM2,ssp585,2081,286.09402466
ACCESS-CM2,ssp585,2082,287.36373901
ACCESS-CM2,ssp585,2083,287.20196533
ACCESS-CM2,ssp585,2084,285.86444092
ACCESS-CM2,ssp585,2085,286.33786011
ACCESS-CM2,ssp585,2086,286.80673218
ACCESS-CM2,ssp585,2087,286.91940308
ACCESS-CM2,ssp585,2088,286.34939575
ACCESS-CM2,ssp585,2089,287.08389282
ACCESS-CM2,ssp585,2090,287.42843628
ACCESS-CM2,ssp585,2091,288.01177979
ACCESS-CM2,ssp585,2092,288.13345337
ACCESS-CM2,ssp585,2093,287.65115356
ACCESS-CM2,ssp585,2094,288.93087769
ACCESS-CM2,ssp585,2095,289.19113159
ACCESS-CM2,ssp585,2096,288.13653564
ACCESS-CM2,ssp585,2097,288.95059204
ACCESS-CM2,ssp585,2098,288.02151489
ACCESS-CM2,ssp585,2099,289.45928955
AWI-CM-1-1-MR,historical,1960,282.47830200
AWI-CM-1-1-MR,historical,1961,282.17352295
AWI-CM-1-1-MR,historical,1962,282.38293457
AWI-CM-1-1-MR,historical,1963,280.75518799
AWI-CM-1-1-MR,historical,1964,282.05108643
AWI-CM-1-1-MR,historical,1965,283.58056641
AWI-CM-1-1-MR,historical,1966,281.93157959
AWI-CM-1-1-MR,historical,1967,281.76141357
AWI-CM-1-1-MR,historical,1968,280.63769531
AWI-CM-1-1-MR,historical,1969,282.63433838
AWI-CM-1-1-MR,historical,1970,282.51443481
AWI-CM-1-1-MR,historical,1971,281.96545410
AWI-CM-1-1-MR,historical,1972,282.13583374
AWI-CM-1-1-MR,historical,1973,283.08840942
AWI-CM-1-1-MR,historical,1974,282.98229980
AWI-CM-1-1-MR,historical,1975,283.49896240
AWI-CM-1-1-MR,historical,1976,281.60003662
AWI-CM-1-1-MR,historical,1977,281.58908081
AWI-CM-1-1-MR,historical,1978,282.01416016
AWI-CM-1-1-MR,historical,1979,282.97839355
AWI-CM-1-1-MR,historical,1980,283.04879761
AWI-CM-1-1-MR,historical,1981,284.13949585
AWI-CM-1-1-MR,historical,1982,282.79684448
AWI-CM-1-1-MR,historical,1983,283.20501709
AWI-CM-1-1-MR,historical,1984,283.35281372
AWI-CM-1-1-MR,historical,1985,282.73196411
AWI-CM-1-1-MR,historical,1986,282.63760376
AWI-CM-1-1-MR,historical,1987,283.05661011
AWI-CM-1-1-MR,historical,1988,282.44961548
AWI-CM-1-1-MR,historical,1989,281.94641113
AWI-CM-1-1-MR,historical,1990,283.04824829
AWI-CM-1-1-MR,historical,1991,282.63095093
AWI-CM-1-1-MR,historical,1992,283.45791626
AWI-CM-1-1-MR,historical,1993,282.11639404
AWI-CM-1-1-MR,historical,1994,283.00946045
AWI-CM-1-1-MR,historical,1995,282.80181885
AWI-CM-1-1-MR,historical,1996,282.04464722
AWI-CM-1-1-MR,historical,1997,282.74697876
AWI-CM-1-1-MR,historical,1998,284.16110229
AWI-CM-1-1-MR,historical,1999,282.81835938
AWI-CM-1-1-MR,historical,2000,282.26464844
AWI-CM-1-1-MR,historical,2001,283.30871582
AWI-CM-1-1-MR,historical,2002,282.90328979
AWI-CM-1-1-MR,historical,2003,281.59341431
AWI-CM-1-1-MR,historical,2004,281.72940063
AWI-CM-1-1-MR,historical,2005,283.10299683
AWI-CM-1-1-MR,historical,2006,283.81033325
AWI-CM-1-1-MR,historical,2007,282.52886963
AWI-CM-1-1-MR,historical,2008,281.43115234
AWI-CM-1-1-MR,historical,2009,282.14559937
AWI-CM-1-1-MR,historical,2010,282.64422607
AWI-CM-1-1-MR,historical,2011,284.06552124
AWI-CM-1-1-MR,historical,2012,282.19287109
AWI-CM-1-1-MR,historical,2013,282.56475830
AWI-CM-1-1-MR,historical,2014,282.91152954
AWI-CM-1-1-MR,ssp126,2015,284.06356812
AWI-CM-1-1-MR,ssp126,2016,284.46972656
AWI-CM-1-1-MR,ssp126,2017,283.51333618
AWI-CM-1-1-MR,ssp126,2018,284.21670532
AWI-CM-1-1-MR,ssp126,2019,282.76721191
AWI-CM-1-1-MR,ssp126,2020,284.28027344
AWI-CM-1-1-MR,ssp126,2021,282.75543213
AWI-CM-1-1-MR,ssp126,2022,283.52151489
AWI-CM-1-1-MR,ssp126,2023,281.86636353
AWI-CM-1-1-MR,ssp126,2024,284.51626587
AWI-CM-1-1-MR,ssp126,2025,283.19833374
AWI-CM-1-1-MR,ssp126,2026,282.83914185
AWI-CM-1-1-MR,ssp126,2027,283.92687988
AWI-CM-1-1-MR,ssp126,2028,285.18746948
AWI-CM-1-1-MR,ssp126,2029,283.60461426
AWI-CM-1-1-MR,ssp126,2030,283.92443848
AWI-CM-1-1-MR,ssp126,2031,284.48419189
AWI-CM-1-1-MR,ssp126,2032,283.73187256
AWI-CM-1-1-MR,ssp126,2033,284.36129761
AWI-CM-1-1-MR,ssp126,2034,283.53890991
AWI-CM-1-1-MR,ssp126,2035,284.03195190
AWI-CM-1-1-MR,ssp126,2036,283.81091309
AWI-CM-1-1-MR,ssp126,2037,283.52694702
AWI-CM-1-1-MR,ssp126,2038,283.75897217
AWI-CM-1-1-MR,ssp126,2039,282.82138062
AWI-CM-1-1-MR,ssp126,2040,283.95031738
AWI-CM-1-1-MR,ssp126,2041,283.58932495
AWI-CM-1-1-MR,ssp126,2042,284.72750854
AWI-CM-1-1-MR,ssp126,2043,283.38214111
AWI-CM-1-1-MR,ssp126,2044,284.16055298
AWI-CM-1-1-MR,ssp126,2045,282.89517212
AWI-CM-1-1-MR,ssp126,2046,282.99765015
AWI-CM-1-1-MR,ssp126,2047,283.03427124
AWI-CM-1-1-MR,ssp126,2048,283.83221436
AWI-CM-1-1-MR,ssp126,2049,284.29891968
AWI-CM-1-1-MR,ssp126,2050,283.20977783
AWI-CM-1-1-MR,ssp126,2051,283.83264160
AWI-CM-1-1-MR,ssp126,2052,284.33950806
AWI-CM-1-1-MR,ssp126,2053,284.26040649
AWI-CM-1-1-MR,ssp126,2054,284.32119751
AWI-CM-1-1-MR,ssp126,2055,284.03790283
AWI-CM-1-1-MR,ssp126,2056,284.51022339
AWI-CM-1-1-MR,ssp126,2057,284.93115234
AWI-CM-1-1-MR,ssp126,2058,284.08306885
AWI-CM-1-1-MR,ssp126,2059,285.27886963
AWI-CM-1-1-MR,ssp126,2060,285.49395752
AWI-CM-1-1-MR,ssp126,2061,284.28576660
AWI-CM-1-1-MR,ssp126,2062,283.67367554
AWI-CM-1-1-MR,ssp126,2063,284.42877197
AWI-CM-1-1-MR,ssp126,2064,283.91226196
AWI-CM-1-1-MR,ssp126,2065,282.97305298
AWI-CM-1-1-MR,ssp126,2066,282.95370483
AWI-CM-1-1-MR,ssp126,2067,283.23605347
AWI-CM-1-1-MR,ssp126,2068,283.08489990
AWI-CM-1-1-MR,ssp126,2069,283.14968872
AWI-CM-1-1-MR,ssp126,2070,284.43222046
AWI-CM-1-1-MR,ssp126,2071,284.08297729
AWI-CM-1-1-MR,ssp126,2072,283.69720459
AWI-CM-1-1-MR,ssp126,2073,282.53710938
AWI-CM-1-1-MR,ssp126,2074,283.91336060
AWI-CM-1-1-MR,ssp126,2075,283.17340088
AWI-CM-1-1-MR,ssp126,2076,283.48202515
AWI-CM-1-1-MR,ssp126,2077,283.59609985
AWI-CM-1-1-MR,ssp126,2078,283.63568115
AWI-CM-1-1-MR,ssp126,2079,283.78027344
AWI-CM-1-1-MR,ssp126,2080,283.89285278
AWI-CM-1-1-MR,ssp126,2081,284.33920288
AWI-CM-1-1-MR,ssp126,2082,283.57736206
AWI-CM-1-1-MR,ssp126,2083,284.32150269
AWI-CM-1-1-MR,ssp126,2084,283.91043091
AWI-CM-1-1-MR,ssp126,2085,285.03533936
AWI-CM-1-1-MR,ssp126,2086,283.98568726
AWI-CM-1-1-MR,ssp126,2087,283.43582153
AWI-CM-1-1-MR,ssp126,2088,284.82189941
AWI-CM-1-1-MR,ssp126,2089,284.19711304
AWI-CM-1-1-MR,ssp126,2090,284.26968384
AWI-CM-1-1-MR,ssp126,2091,283.26318359
AWI-CM-1-1-MR,ssp126,2092,283.48397827
AWI-CM-1-1-MR,ssp126,2093,283.46746826
AWI-CM-1-1-MR,ssp126,2094,282.23110962
AWI-CM-1-1-MR,ssp126,2095,283.33636475
AWI-CM-1-1-MR,ssp126,2096,283.73269653
AWI-CM-1-1-MR,ssp126,2097,282.57015991
AWI-CM-1-1-MR,ssp126,2098,282.68359375
AWI-CM-1-1-MR,ssp126,2099,283.43093872
AWI-CM-1-1-MR,ssp245,2015,283.56060791
AWI-CM-1-1-MR,ssp245,2016,282.51757812
AWI-CM-1-1-MR,ssp245,2017,282.60537720
AWI-CM-1-1-MR,ssp245,2018,282.60778809
AWI-CM-1-1-MR,ssp245,2019,282.75421143
AWI-CM-1-1-MR,ssp245,2020,283.43948364
AWI-CM-1-1-MR,ssp245,2021,283.05725098
AWI-CM-1-1-MR,ssp245,2022,284.24795532
AWI-CM-1-1-MR,ssp245,2023,282.58969116
AWI-CM-1-1-MR,ssp245,2024,284.24642944
AWI-CM-1-1-MR,ssp245,2025,284.25149536
AWI-CM-1-1-MR,ssp245,2026,284.71994019
AWI-CM-1-1-MR,ssp245,2027,282.58126831
AWI-CM-1-1-MR,ssp245,2028,284.19586182
AWI-CM-1-1-MR,ssp245,2029,284.18392944
AWI-CM-1-1-MR,ssp245,2030,283.93292236
AWI-CM-1-1-MR,ssp245,2031,283.90634155
AWI-CM-1-1-MR,ssp245,2032,283.40417480
AWI-CM-1-1-MR,ssp245,2033,283.12789917
AWI-CM-1-1-MR,ssp245,2034,284.01583862
AWI-CM-1-1-MR,ssp245,2035,283.98953247
AWI-CM-1-1-MR,ssp245,2036,284.38095093
AWI-CM-1-1-MR,ssp245,2037,283.83743286
AWI-CM-1-1-MR,ssp245,2038,284.12094116
AWI-CM-1-1-MR,ssp245,2039,282.39846802
AWI-CM-1-1-MR,ssp245,2040,283.73339844
AWI-CM-1-1-MR,ssp245,2041,284.15304565
AWI-CM-1-1-MR,ssp245,2042,284.48983765
AWI-CM-1-1-MR,ssp245,2043,284.30535889
AWI-CM-1-1-MR,ssp245,2044,284.46585083
AWI-CM-1-1-MR,ssp245,2045,283.47204590
AWI-CM-1-1-MR,ssp245,2046,283.96163940
AWI-CM-1-1-MR,ssp245,2047,284.71765137
AWI-CM-1-1-MR,ssp245,2048,283.94674683
AWI-CM-1-1-MR,ssp245,2049,284.40853882
AWI-CM-1-1-MR,ssp245,2050,283.43350220
AWI-CM-1-1-MR,ssp245,2051,283.75650024
AWI-CM-1-1-MR,ssp245,2052,284.78472900
AWI-CM-1-1-MR,ssp245,2053,284.51577759
AWI-CM-1-1-MR,ssp245,2054,285.39114380
AWI-CM-1-1-MR,ssp245,2055,283.16958618
AWI-CM-1-1-MR,ssp245,2056,285.06204224
AWI-CM-1-1-MR,ssp245,2057,285.05636597
AWI-CM-1-1-MR,ssp245,2058,283.77255249
AWI-CM-1-1-MR,ssp245,2059,284.92932129
AWI-CM-1-1-MR,ssp245,2060,285.14309692
AWI-CM-1-1-MR,ssp245,2061,284.41409302
AWI-CM-1-1-MR,ssp245,2062,285.04458618
AWI-CM-1-1-MR,ssp245,2063,284.54110718
AWI-CM-1-1-MR,ssp245,2064,284.94851685
AWI-CM-1-1-MR,ssp245,2065,285.63775635
AWI-CM-1-1-MR,ssp245,2066,285.13296509
AWI-CM-1-1-MR,ssp245,2067,284.47402954
AWI-CM-1-1-MR,ssp245,2068,283.48040771
AWI-CM-1-1-MR,ssp245,2069,284.29895020
AWI-CM-1-1-MR,ssp245,2070,283.79641724
AWI-CM-1-1-MR,ssp245,2071,284.50674438
AWI-CM-1-1-MR,ssp245,2072,284.76785278
AWI-CM-1-1-MR,ssp245,2073,284.60073853
AWI-CM-1-1-MR,ssp245,2074,285.53744507
AWI-CM-1-1-MR,ssp245,2075,285.26611328
AWI-CM-1-1-MR,ssp245,2076,284.09695435
AWI-CM-1-1-MR,ssp245,2077,284.29074097
AWI-CM-1-1-MR,ssp245,2078,285.42001343
AWI-CM-1-1-MR,ssp245,2079,284.13900757
AWI-CM-1-1-MR,ssp245,2080,285.38903809
AWI-CM-1-1-MR,ssp245,2081,285.15515137
AWI-CM-1-1-MR,ssp245,2082,285.21191406
AWI-CM-1-1-MR,ssp245,2083,284.64913940
AWI-CM-1-1-MR,ssp245,2084,286.20101929
AWI-CM-1-1-MR,ssp245,2085,284.48419189
AWI-CM-1-1-MR,ssp245,2086,284.77355957
AWI-CM-1-1-MR,ssp245,2087,285.99252319
AWI-CM-1-1-MR,ssp245,2088,285.01422119
AWI-CM-1-1-MR,ssp245,2089,284.35659790
AWI-CM-1-1-MR,ssp245,2090,283.91647339
AWI-CM-1-1-MR,ssp245,2091,285.26516724
AWI-CM-1-1-MR,ssp245,2092,284.33697510
AWI-CM-1-1-MR,ssp245,2093,284.50244141
AWI-CM-1-1-MR,ssp245,2094,286.44009399
AWI-CM-1-1-MR,ssp245,2095,284.96575928
AWI-CM-1-1-MR,ssp245,2096,284.52673340
AWI-CM-1-1-MR,ssp245,2097,286.13269043
AWI-CM-1-1-MR,ssp245,2098,283.85940552
AWI-CM-1-1-MR,ssp245,2099,285.70358276
AWI-CM-1-1-MR,ssp370,2015,282.35290527
AWI-CM-1-1-MR,ssp370,2016,283.67520142
AWI-CM-1-1-MR,ssp370,2017,283.21664429
AWI-CM-1-1-MR,ssp370,2018,283.22891235
AWI-CM-1-1-MR,ssp370,2019,282.07330322
AWI-CM-1-1-MR,ssp370,2020,282.70730591
AWI-CM-1-1-MR,ssp370,2021,284.60986328
AWI-CM-1-1-MR,ssp370,2022,284.19570923
AWI-CM-1-1-MR,ssp370,2023,284.20709229
AWI-CM-1-1-MR,ssp370,2024,283.29821777
AWI-CM-1-1-MR,ssp370,2025,282.81842041
AWI-CM-1-1-MR,ssp370,2026,284.00885010
AWI-CM-1-1-MR,ssp370,2027,284.11230469
AWI-CM-1-1-MR,ssp370,2028,283.06088257
AWI-CM-1-1-MR,ssp370,2029,284.56573486
AWI-CM-1-1-MR,ssp370,2030,284.92294312
AWI-CM-1-1-MR,ssp370,2031,283.87338257
AWI-CM-1-1-MR,ssp370,2032,282.56561279
AWI-CM-1-1-MR,ssp370,2033,283.10977173
AWI-CM-1-1-MR,ssp370,2034,282.80584717
AWI-CM-1-1-MR,ssp370,2035,284.38546753
AWI-CM-1-1-MR,ssp370,2036,283.74118042
AWI-CM-1-1-MR,ssp370,2037,283.95977783
AWI-CM-1-1-MR,ssp370,2038,284.21087646
AWI-CM-1-1-MR,ssp370,2039,282.71047974
AWI-CM-1-1-MR,ssp370,2040,284.21200562
AWI-CM-1-1-MR,ssp370,2041,283.87020874
AWI-CM-1-1-MR,ssp370,2042,284.37710571
AWI-CM-1-1-MR,ssp370,2043,284.82562256
AWI-CM-1-1-MR,ssp370,2044,285.82281494
AWI-CM-1-1-MR,ssp370,2045,284.34606934
AWI-CM-1-1-MR,ssp370,2046,283.91687012
AWI-CM-1-1-MR,ssp370,2047,283.67071533
AWI-CM-1-1-MR,ssp370,2048,284.82101440
AWI-CM-1-1-MR,ssp370,2049,284.13690186
AWI-CM-1-1-MR,ssp370,2050,284.87567139
AWI-CM-1-1-MR,ssp370,2051,284.33758545
AWI-CM-1-1-MR,ssp370,2052,286.06185913
AWI-CM-1-1-MR,ssp370,2053,284.48110962
AWI-CM-1-1-MR,ssp370,2054,284.93667603
AWI-CM-1-1-MR,ssp370,2055,285.04644775
AWI-CM-1-1-MR,ssp370,2056,284.95596313
AWI-CM-1-1-MR,ssp370,2057,284.75851440
AWI-CM-1-1-MR,ssp370,2058,283.93637085
AWI-CM-1-1-MR,ssp370,2059,283.89450073
AWI-CM-1-1-MR,ssp370,2060,284.66763306
AWI-CM-1-1-MR,ssp370,2061,285.42291260
AWI-CM-1-1-MR,ssp370,2062,283.91229248
AWI-CM-1-1-MR,ssp370,2063,284.69543457
AWI-CM-1-1-MR,ssp370,2064,284.29653931
AWI-CM-1-1-MR,ssp370,2065,285.50650024
AWI-CM-1-1-MR,ssp370,2066,284.85925293
AWI-CM-1-1-MR,ssp370,2067,287.17370605
AWI-CM-1-1-MR,ssp370,2068,285.59600830
AWI-CM-1-1-MR,ssp370,2069,287.14230347
AWI-CM-1-1-MR,ssp370,2070,285.10266113
AWI-CM-1-1-MR,ssp370,2071,285.20730591
AWI-CM-1-1-MR,ssp370,2072,286.15130615
AWI-CM-1-1-MR,ssp370,2073,283.88583374
AWI-CM-1-1-MR,ssp370,2074,285.70806885
AWI-CM-1-1-MR,ssp370,2075,285.57229614
AWI-CM-1-1-MR,ssp370,2076,285.05267334
AWI-CM-1-1-MR,ssp370,2077,284.74691772
AWI-CM-1-1-MR,ssp370,2078,284.76983643
AWI-CM-1-1-MR,ssp370,2079,285.79406738
AWI-CM-1-1-MR,ssp370,2080,285.14318848
AWI-CM-1-1-MR,ssp370,2081,285.36340332
AWI-CM-1-1-MR,ssp370,2082,284.80334473
AWI-CM-1-1-MR,ssp370,2083,284.99978638
AWI-CM-1-1-MR,ssp370,2084,286.70892334
AWI-CM-1-1-MR,ssp370,2085,286.69564819
AWI-CM-1-1-MR,ssp370,2086,284.85845947
AWI-CM-1-1-MR,ssp370,2087,285.16506958
AWI-CM-1-1-MR,ssp370,2088,286.14532471
AWI-CM-1-1-MR,ssp370,2089,286.46762085
AWI-CM-1-1-MR,ssp370,2090,286.79919434
AWI-CM-1-1-MR,ssp370,2091,285.18841553
AWI-CM-1-1-MR,ssp370,2092,285.33035278
AWI-CM-1-1-MR,ssp370,2093,287.67837524
AWI-CM-1-1-MR,ssp370,2094,285.71710205
AWI-CM-1-1-MR,ssp370,2095,286.56399536
AWI-CM-1-1-MR,ssp370,2096,286.96603394
AWI-CM-1-1-MR,ssp370,2097,286.44723511
AWI-CM-1-1-MR,ssp370,2098,286.44732666
AWI-CM-1-1-MR,ssp370,2099,286.42922974
AWI-CM-1-1-MR,ssp585,2015,284.63513184
AWI-CM-1-1-MR,ssp585,2016,284.58889771
AWI-CM-1-1-MR,ssp585,2017,283.70791626
AWI-CM-1-1-MR,ssp585,2018,283.25741577
AWI-CM-1-1-MR,ssp585,2019,283.61203003
AWI-CM-1-1-MR,ssp585,2020,285.23336792
AWI-CM-1-1-MR,ssp585,2021,284.84655762
AWI-CM-1-1-MR,ssp585,2022,284.86557007
AWI-CM-1-1-MR,ssp585,2023,284.25650024
AWI-CM-1-1-MR,ssp585,2024,283.48785400
AWI-CM-1-1-MR,ssp585,2025,284.26611328
AWI-CM-1-1-MR,ssp585,2026,283.11334229
AWI-CM-1-1-MR,ssp585,2027,283.13964844
AWI-CM-1-1-MR,ssp585,2028,284.60540771
AWI-CM-1-1-MR,ssp585,2029,285.08004761
AWI-CM-1-1-MR,ssp585,2030,283.24029541
AWI-CM-1-1-MR,ssp585,2031,283.32150269
AWI-CM-1-1-MR,ssp585,2032,283.55224609
AWI-CM-1-1-MR,ssp585,2033,283.50698853
AWI-CM-1-1-MR,ssp585,2034,283.77984619
AWI-CM-1-1-MR,ssp585,2035,283.12207031
AWI-CM-1-1-MR,ssp585,2036,284.41183472
AWI-CM-1-1-MR,ssp585,2037,282.82824707
AWI-CM-1-1-MR,ssp585,2038,281.79382324
AWI-CM-1-1-MR,ssp585,2039,283.67892456
AWI-CM-1-1-MR,ssp585,2040,283.64892578
AWI-CM-1-1-MR,ssp585,2041,283.80545044
AWI-CM-1-1-MR,ssp585,2042,283.86560059
AWI-CM-1-1-MR,ssp585,2043,283.17352295
AWI-CM-1-1-MR,ssp585,2044,283.58459473
AWI-CM-1-1-MR,ssp585,2045,284.55502319
AWI-CM-1-1-MR,ssp585,2046,284.43148804
AWI-CM-1-1-MR,ssp585,2047,283.95895386
AWI-CM-1-1-MR,ssp585,2048,283.92639160
AWI-CM-1-1-MR,ssp585,2049,283.95303345
AWI-CM-1-1-MR,ssp585,2050,284.49420166
AWI-CM-1-1-MR,ssp585,2051,284.20941162
AWI-CM-1-1-MR,ssp585,2052,284.46908569
AWI-CM-1-1-MR,ssp585,2053,285.80203247
AWI-CM-1-1-MR,ssp585,2054,284.04104614
AWI-CM-1-1-MR,ssp585,2055,284.66223145
AWI-CM-1-1-MR,ssp585,2056,283.97726440
AWI-CM-1-1-MR,ssp585,2057,284.82992554
AWI-CM-1-1-MR,ssp585,2058,284.06967163
AWI-CM-1-1-MR,ssp585,2059,285.57727051
AWI-CM-1-1-MR,ssp585,2060,284.97885132
AWI-CM-1-1-MR,ssp585,2061,285.14047241
AWI-CM-1-1-MR,ssp585,2062,285.59854126
AWI-CM-1-1-MR,ssp585,2063,284.95144653
AWI-CM-1-1-MR,ssp585,2064,285.51934814
AWI-CM-1-1-MR,ssp585,2065,285.08914185
AWI-CM-1-1-MR,ssp585,2066,284.98892212
AWI-CM-1-1-MR,ssp585,2067,286.92620850
AWI-CM-1-1-MR,ssp585,2068,284.70452881
AWI-CM-1-1-MR,ssp585,2069,286.21603394
AWI-CM-1-1-MR,ssp585,2070,285.64865112
AWI-CM-1-1-MR,ssp585,2071,283.78643799
AWI-CM-1-1-MR,ssp585,2072,285.75054932
AWI-CM-1-1-MR,ssp585,2073,286.00262451
AWI-CM-1-1-MR,ssp585,2074,285.59930420
AWI-CM-1-1-MR,ssp585,2075,287.23620605
AWI-CM-1-1-MR,ssp585,2076,285.52392578
AWI-CM-1-1-MR,ssp585,2077,286.05859375
AWI-CM-1-1-MR,ssp585,2078,285.64263916
AWI-CM-1-1-MR,ssp585,2079,286.43328857
AWI-CM-1-1-MR,ssp585,2080,286.28765869
AWI-CM-1-1-MR,ssp585,2081,284.49020386
AWI-CM-1-1-MR,ssp585,2082,286.05914307
AWI-CM-1-1-MR,ssp585,2083,286.01770020
AWI-CM-1-1-MR,ssp585,2084,286.84011841
AWI-CM-1-1-MR,ssp585,2085,286.38739014
AWI-CM-1-1-MR,ssp585,2086,285.62100220
AWI-CM-1-1-MR,ssp585,2087,287.77053833
AWI-CM-1-1-MR,ssp585,2088,287.40197754
AWI-CM-1-1-MR,ssp585,2089,286.63729858
AWI-CM-1-1-MR,ssp585,2090,286.47259521
AWI-CM-1-1-MR,ssp585,2091,287.13168335
AWI-CM-1-1-MR,ssp585,2092,287.11309814
AWI-CM-1-1-MR,ssp585,2093,286.21844482
AWI-CM-1-1-MR,ssp585,2094,286.77554321
AWI-CM-1-1-MR,ssp585,2095,285.96572876
AWI-CM-1-1-MR,ssp585,2096,286.88296509
AWI-CM-1-1-MR,ssp585,2097,287.00442505
AWI-CM-1-1-MR,ssp585,2098,287.12896729
AWI-CM-1-1-MR,ssp585,2099,287.44149780
CNRM-CM6-1,historical,1960,282.13232422
CNRM-CM6-1,historical,1961,281.47030640
CNRM-CM6-1,historical,1962,281.92263794
CNRM-CM6-1,historical,1963,282.30233765
CNRM-CM6-1,historical,1964,282.19967651
CNRM-CM6-1,historical,1965,281.48025513
CNRM-CM6-1,historical,1966,282.52926636
CNRM-CM6-1,historical,1967,282.36593628
CNRM-CM6-1,historical,1968,282.07608032
CNRM-CM6-1,historical,1969,282.08975220
CNRM-CM6-1,historical,1970,282.18032837
CNRM-CM6-1,historical,1971,283.08752441
CNRM-CM6-1,historical,1972,283.30130005
CNRM-CM6-1,historical,1973,283.36999512
CNRM-CM6-1,historical,1974,282.34454346
CNRM-CM6-1,historical,1975,281.93948364
CNRM-CM6-1,historical,1976,282.07675171
CNRM-CM6-1,historical,1977,282.72018433
CNRM-CM6-1,historical,1978,282.30245972
CNRM-CM6-1,historical,1979,282.80001831
CNRM-CM6-1,historical,1980,281.60079956
CNRM-CM6-1,historical,1981,281.87771606
CNRM-CM6-1,historical,1982,281.53579712
CNRM-CM6-1,historical,1983,282.43640137
CNRM-CM6-1,historical,1984,282.77334595
CNRM-CM6-1,historical,1985,281.85467529
CNRM-CM6-1,historical,1986,283.07037354
CNRM-CM6-1,historical,1987,281.61755371
CNRM-CM6-1,historical,1988,281.73822021
CNRM-CM6-1,historical,1989,281.57022095
CNRM-CM6-1,historical,1990,282.95626831
CNRM-CM6-1,historical,1991,282.25354004
CNRM-CM6-1,historical,1992,282.40148926
CNRM-CM6-1,historical,1993,282.36825562
CNRM-CM6-1,historical,1994,283.02542114
CNRM-CM6-1,historical,1995,283.21331787
CNRM-CM6-1,historical,1996,280.93252563
CNRM-CM6-1,historical,1997,282.21545410
CNRM-CM6-1,historical,1998,284.03445435
CNRM-CM6-1,historical,1999,283.59899902
CNRM-CM6-1,historical,2000,283.48675537
CNRM-CM6-1,historical,2001,281.76022339
CNRM-CM6-1,historical,2002,283.05078125
CNRM-CM6-1,historical,2003,283.34329224
CNRM-CM6-1,historical,2004,284.31289673
CNRM-CM6-1,historical,2005,283.55603027
CNRM-CM6-1,historical,2006,283.36956787
CNRM-CM6-1,historical,2007,282.62857056
CNRM-CM6-1,historical,2008,284.38381958
CNRM-CM6-1,historical,2009,283.15432739
CNRM-CM6-1,historical,2010,283.85232544
CNRM-CM6-1,historical,2011,282.82687378
CNRM-CM6-1,historical,2012,283.56561279
CNRM-CM6-1,historical,2013,282.47344971
CNRM-CM6-1,historical,2014,283.92904663
CNRM-CM6-1,ssp126,2015,284.29568481
CNRM-CM6-1,ssp126,2016,284.21420288
CNRM-CM6-1,ssp126,2017,283.14324951
CNRM-CM6-1,ssp126,2018,282.54913330
CNRM-CM6-1,ssp126,2019,282.29931641
CNRM-CM6-1,ssp126,2020,284.42236328
CNRM-CM6-1,ssp126,2021,281.85821533
CNRM-CM6-1,ssp126,2022,282.62759399
CNRM-CM6-1,ssp126,2023,283.79385376
CNRM-CM6-1,ssp126,2024,282.61593628
CNRM-CM6-1,ssp126,2025,282.83432007
CNRM-CM6-1,ssp126,2026,283.15069580
CNRM-CM6-1,ssp126,2027,282.87380981
CNRM-CM6-1,ssp126,2028,283.57958984
CNRM-CM6-1,ssp126,2029,283.06744385
CNRM-CM6-1,ssp126,2030,283.51559448
CNRM-CM6-1,ssp126,2031,283.31466675
CNRM-CM6-1,ssp126,2032,283.48089600
CNRM-CM6-1,ssp126,2033,284.31289673
CNRM-CM6-1,ssp126,2034,283.09136963
CNRM-CM6-1,ssp126,2035,282.80548096
CNRM-CM6-1,ssp126,2036,282.69915771
CNRM-CM6-1,ssp126,2037,283.38015747
CNRM-CM6-1,ssp126,2038,283.04431152
CNRM-CM6-1,ssp126,2039,283.57064819
CNRM-CM6-1,ssp126,2040,282.64300537
CNRM-CM6-1,ssp126,2041,282.53085327
CNRM-CM6-1,ssp126,2042,283.88183594
CNRM-CM6-1,ssp126,2043,282.91970825
CNRM-CM6-1,ssp126,2044,284.19985962
CNRM-CM6-1,ssp126,2045,284.03933716
CNRM-CM6-1,ssp126,2046,283.79000854
CNRM-CM6-1,ssp126,2047,284.01046753
CNRM-CM6-1,ssp126,2048,283.08108521
CNRM-CM6-1,ssp126,2049,283.59646606
CNRM-CM6-1,ssp126,2050,282.84710693
CNRM-CM6-1,ssp126,2051,284.30975342
CNRM-CM6-1,ssp126,2052,284.24755859
CNRM-CM6-1,ssp126,2053,283.35244751
CNRM-CM6-1,ssp126,2054,285.07479858
CNRM-CM6-1,ssp126,2055,282.76641846
CNRM-CM6-1,ssp126,2056,283.89141846
CNRM-CM6-1,ssp126,2057,284.13226318
CNRM-CM6-1,ssp126,2058,284.03952026
CNRM-CM6-1,ssp126,2059,284.34036255
CNRM-CM6-1,ssp126,2060,284.05218506
CNRM-CM6-1,ssp126,2061,284.16561890
CNRM-CM6-1,ssp126,2062,285.32476807
CNRM-CM6-1,ssp126,2063,283.77819824
CNRM-CM6-1,ssp126,2064,284.07666016
CNRM-CM6-1,ssp126,2065,283.92083740
CNRM-CM6-1,ssp126,2066,283.42810059
CNRM-CM6-1,ssp126,2067,285.47396851
CNRM-CM6-1,ssp126,2068,283.14392090
CNRM-CM6-1,ssp126,2069,283.02371216
CNRM-CM6-1,ssp126,2070,283.59707642
CNRM-CM6-1,ssp126,2071,284.40618896
CNRM-CM6-1,ssp126,2072,283.97402954
CNRM-CM6-1,ssp126,2073,282.86721802
CNRM-CM6-1,ssp126,2074,285.02627563
CNRM-CM6-1,ssp126,2075,283.61483765
CNRM-CM6-1,ssp126,2076,284.13592529
CNRM-CM6-1,ssp126,2077,282.57507324
CNRM-CM6-1,ssp126,2078,283.04235840
CNRM-CM6-1,ssp126,2079,282.41818237
CNRM-CM6-1,ssp126,2080,284.03552246
CNRM-CM6-1,ssp126,2081,283.74789429
CNRM-CM6-1,ssp126,2082,282.61856079
CNRM-CM6-1,ssp126,2083,284.02395630
CNRM-CM6-1,ssp126,2084,281.93026733
CNRM-CM6-1,ssp126,2085,282.62860107
CNRM-CM6-1,ssp126,2086,283.77322388
CNRM-CM6-1,ssp126,2087,283.57443237
CNRM-CM6-1,ssp126,2088,285.30725098
CNRM-CM6-1,ssp126,2089,282.81387329
CNRM-CM6-1,ssp126,2090,283.81555176
CNRM-CM6-1,ssp126,2091,282.61126709
CNRM-CM6-1,ssp126,2092,283.35678101
CNRM-CM6-1,ssp126,2093,283.78982544
CNRM-CM6-1,ssp126,2094,283.97833252
CNRM-CM6-1,ssp126,2095,284.18478394
CNRM-CM6-1,ssp126,2096,283.74688721
CNRM-CM6-1,ssp126,2097,283.53369141
CNRM-CM6-1,ssp126,2098,284.12042236
CNRM-CM6-1,ssp126,2099,285.17190552
CNRM-CM6-1,ssp245,2015,282.71325684
CNRM-CM6-1,ssp245,2016,283.83599854
CNRM-CM6-1,ssp245,2017,283.89739990
CNRM-CM6-1,ssp245,2018,283.99224854
CNRM-CM6-1,ssp245,2019,283.18786621
CNRM-CM6-1,ssp245,2020,284.25820923
CNRM-CM6-1,ssp245,2021,282.76452637
CNRM-CM6-1,ssp245,2022,283.09011841
CNRM-CM6-1,ssp245,2023,283.12313843
CNRM-CM6-1,ssp245,2024,283.59451294
CNRM-CM6-1,ssp245,2025,282.79299927
CNRM-CM6-1,ssp245,2026,283.58026123
CNRM-CM6-1,ssp245,2027,282.19149780
CNRM-CM6-1,ssp245,2028,283.15533447
CNRM-CM6-1,ssp245,2029,283.87164307
CNRM-CM6-1,ssp245,2030,282.70159912
CNRM-CM6-1,ssp245,2031,282.36294556
CNRM-CM6-1,ssp245,2032,283.14031982
CNRM-CM6-1,ssp245,2033,282.51910400
CNRM-CM6-1,ssp245,2034,283.44497681
CNRM-CM6-1,ssp245,2035,283.07992554
CNRM-CM6-1,ssp245,2036,283.79415894
CNRM-CM6-1,ssp245,2037,282.96038818
CNRM-CM6-1,ssp245,2038,283.22442627
CNRM-CM6-1,ssp245,2039,284.31692505
CNRM-CM6-1,ssp245,2040,284.75497437
CNRM-CM6-1,ssp245,2041,283.99182129
CNRM-CM6-1,ssp245,2042,282.95050049
CNRM-CM6-1,ssp245,2043,284.19387817
CNRM-CM6-1,ssp245,2044,283.97183228
CNRM-CM6-1,ssp245,2045,285.42727661
CNRM-CM6-1,ssp245,2046,285.01705933
CNRM-CM6-1,ssp245,2047,283.33581543
CNRM-CM6-1,ssp245,2048,283.43505859
CNRM-CM6-1,ssp245,2049,284.04940796
CNRM-CM6-1,ssp245,2050,285.27917480
CNRM-CM6-1,ssp245,2051,285.09384155
CNRM-CM6-1,ssp245,2052,284.85552979
CNRM-CM6-1,ssp245,2053,284.60272217
CNRM-CM6-1,ssp245,2054,283.79116821
CNRM-CM6-1,ssp245,2055,284.41497803
CNRM-CM6-1,ssp245,2056,284.07714844
CNRM-CM6-1,ssp245,2057,284.88934326
CNRM-CM6-1,ssp245,2058,284.74081421
CNRM-CM6-1,ssp245,2059,284.00067139
CNRM-CM6-1,ssp245,2060,284.31231689
CNRM-CM6-1,ssp245,2061,283.95492554
CNRM-CM6-1,ssp245,2062,284.08071899
CNRM-CM6-1,ssp245,2063,284.62200928
CNRM-CM6-1,ssp245,2064,283.71401978
CNRM-CM6-1,ssp245,2065,283.17654419
CNRM-CM6-1,ssp245,2066,283.78866577
CNRM-CM6-1,ssp245,2067,285.11154175
CNRM-CM6-1,ssp245,2068,283.18496704
CNRM-CM6-1,ssp245,2069,284.60971069
CNRM-CM6-1,ssp245,2070,285.62145996
CNRM-CM6-1,ssp245,2071,285.19598389
CNRM-CM6-1,ssp245,2072,284.05548096
CNRM-CM6-1,ssp245,2073,285.47937012
CNRM-CM6-1,ssp245,2074,284.97494507
CNRM-CM6-1,ssp245,2075,284.12591553
CNRM-CM6-1,ssp245,2076,285.83724976
CNRM-CM6-1,ssp245,2077,286.08401489
CNRM-CM6-1,ssp245,2078,283.73040771
CNRM-CM6-1,ssp245,2079,285.99621582
CNRM-CM6-1,ssp245,2080,284.44134521
CNRM-CM6-1,ssp245,2081,284.24880981
CNRM-CM6-1,ssp245,2082,285.33456421
CNRM-CM6-1,ssp245,2083,284.66104126
CNRM-CM6-1,ssp245,2084,285.15219116
CNRM-CM6-1,ssp245,2085,284.67755127
CNRM-CM6-1,ssp245,2086,284.82583618
CNRM-CM6-1,ssp245,2087,285.20321655
CNRM-CM6-1,ssp245,2088,284.91790771
CNRM-CM6-1,ssp245,2089,284.35195923
CNRM-CM6-1,ssp245,2090,284.83035278
CNRM-CM6-1,ssp245,2091,284.56500244
CNRM-CM6-1,ssp245,2092,285.91766357
CNRM-CM6-1,ssp245,2093,284.29360962
CNRM-CM6-1,ssp245,2094,284.63909912
CNRM-CM6-1,ssp245,2095,284.77767944
CNRM-CM6-1,ssp245,2096,284.60339355
CNRM-CM6-1,ssp245,2097,285.50006104
CNRM-CM6-1,ssp245,2098,286.74740601
CNRM-CM6-1,ssp245,2099,284.60162354
CNRM-CM6-1,ssp370,2015,282.02935791
CNRM-CM6-1,ssp370,2016,282.71667480
CNRM-CM6-1,ssp370,2017,283.11038208
CNRM-CM6-1,ssp370,2018,282.64733887
CNRM-CM6-1,ssp370,2019,283.37493896
CNRM-CM6-1,ssp370,2020,283.24087524
CNRM-CM6-1,ssp370,2021,283.52160645
CNRM-CM6-1,ssp370,2022,284.17218018
CNRM-CM6-1,ssp370,2023,281.65692139
CNRM-CM6-1,ssp370,2024,282.68734741
CNRM-CM6-1,ssp370,2025,282.48330688
CNRM-CM6-1,ssp370,2026,284.20983887
CNRM-CM6-1,ssp370,2027,284.53308105
CNRM-CM6-1,ssp370,2028,284.29928589
CNRM-CM6-1,ssp370,2029,284.16143799
CNRM-CM6-1,ssp370,2030,283.36218262
CNRM-CM6-1,ssp370,2031,284.11096191
CNRM-CM6-1,ssp370,2032,283.38833618
CNRM-CM6-1,ssp370,2033,282.23791504
CNRM-CM6-1,ssp370,2034,283.10302734
CNRM-CM6-1,ssp370,2035,283.95553589
CNRM-CM6-1,ssp370,2036,283.31283569
CNRM-CM6-1,ssp370,2037,283.82296753
CNRM-CM6-1,ssp370,2038,283.72341919
CNRM-CM6-1,ssp370,2039,284.62274170
CNRM-CM6-1,ssp370,2040,282.73742676
CNRM-CM6-1,ssp370,2041,283.33691406
CNRM-CM6-1,ssp370,2042,283.94519043
CNRM-CM6-1,ssp370,2043,283.78414917
CNRM-CM6-1,ssp370,2044,283.56832886
CNRM-CM6-1,ssp370,2045,284.99261475
CNRM-CM6-1,ssp370,2046,284.56964111
CNRM-CM6-1,ssp370,2047,283.70996094
CNRM-CM6-1,ssp370,2048,283.32632446
CNRM-CM6-1,ssp370,2049,283.43542480
CNRM-CM6-1,ssp370,2050,284.51925659
CNRM-CM6-1,ssp370,2051,283.09823608
CNRM-CM6-1,ssp370,2052,284.30279541
CNRM-CM6-1,ssp370,2053,285.10760498
CNRM-CM6-1,ssp370,2054,284.49386597
CNRM-CM6-1,ssp370,2055,283.22528076
CNRM-CM6-1,ssp370,2056,283.82742310
CNRM-CM6-1,ssp370,2057,283.85900879
CNRM-CM6-1,ssp370,2058,284.00262451
CNRM-CM6-1,ssp370,2059,286.27795410
CNRM-CM6-1,ssp370,2060,284.00128174
CNRM-CM6-1,ssp370,2061,284.06317139
CNRM-CM6-1,ssp370,2062,284.96127319
CNRM-CM6-1,ssp370,2063,284.79049683
CNRM-CM6-1,ssp370,2064,283.79718018
CNRM-CM6-1,ssp370,2065,285.40710449
CNRM-CM6-1,ssp370,2066,283.81524658
CNRM-CM6-1,ssp370,2067,284.56265259
CNRM-CM6-1,ssp370,2068,285.38122559
CNRM-CM6-1,ssp370,2069,284.37646484
CNRM-CM6-1,ssp370,2070,285.93444824
CNRM-CM6-1,ssp370,2071,285.00744629
CNRM-CM6-1,ssp370,2072,284.94094849
CNRM-CM6-1,ssp370,2073,284.68212891
CNRM-CM6-1,ssp370,2074,285.42581177
CNRM-CM6-1,ssp370,2075,284.24066162
CNRM-CM6-1,ssp370,2076,285.08602905
CNRM-CM6-1,ssp370,2077,284.42074585
CNRM-CM6-1,ssp370,2078,284.79968262
CNRM-CM6-1,ssp370,2079,284.36279297
CNRM-CM6-1,ssp370,2080,285.48681641
CNRM-CM6-1,ssp370,2081,285.63101196
CNRM-CM6-1,ssp370,2082,286.78985596
CNRM-CM6-1,ssp370,2083,286.68170166
CNRM-CM6-1,ssp370,2084,286.05300903
CNRM-CM6-1,ssp370,2085,287.06295776
CNRM-CM6-1,ssp370,2086,285.48257446
CNRM-CM6-1,ssp370,2087,287.69812012
CNRM-CM6-1,ssp370,2088,285.35037231
CNRM-CM6-1,ssp370,2089,285.34072876
CNRM-CM6-1,ssp370,2090,284.99258423
CNRM-CM6-1,ssp370,2091,286.76455688
CNRM-CM6-1,ssp370,2092,285.59466553
CNRM-CM6-1,ssp370,2093,286.54885864
CNRM-CM6-1,ssp370,2094,286.01593018
CNRM-CM6-1,ssp370,2095,286.75030518
CNRM-CM6-1,ssp370,2096,286.33151245
CNRM-CM6-1,ssp370,2097,287.49087524
CNRM-CM6-1,ssp370,2098,285.79571533
CNRM-CM6-1,ssp370,2099,287.13015747
CNRM-CM6-1,ssp585,2015,284.50421143
CNRM-CM6-1,ssp585,2016,282.10769653
CNRM-CM6-1,ssp585,2017,282.96908569
CNRM-CM6-1,ssp585,2018,283.75753784
CNRM-CM6-1,ssp585,2019,284.38299561
CNRM-CM6-1,ssp585,2020,283.42199707
CNRM-CM6-1,ssp585,2021,283.01168823
CNRM-CM6-1,ssp585,2022,283.34338379
CNRM-CM6-1,ssp585,2023,284.82455444
CNRM-CM6-1,ssp585,2024,283.55618286
CNRM-CM6-1,ssp585,2025,283.08316040
CNRM-CM6-1,ssp585,2026,283.11212158
CNRM-CM6-1,ssp585,2027,282.50195312
CNRM-CM6-1,ssp585,2028,283.55920410
CNRM-CM6-1,ssp585,2029,283.29544067
CNRM-CM6-1,ssp585,2030,283.60079956
CNRM-CM6-1,ssp585,2031,284.87783813
CNRM-CM6-1,ssp585,2032,282.72940063
CNRM-CM6-1,ssp585,2033,284.06784058
CNRM-CM6-1,ssp585,2034,283.45883179
CNRM-CM6-1,ssp585,2035,283.87271118
CNRM-CM6-1,ssp585,2036,284.66152954
CNRM-CM6-1,ssp585,2037,282.72891235
CNRM-CM6-1,ssp585,2038,282.74691772
CNRM-CM6-1,ssp585,2039,282.91113281
CNRM-CM6-1,ssp585,2040,283.36264038
CNRM-CM6-1,ssp585,2041,284.45944214
CNRM-CM6-1,ssp585,2042,284.45703125
CNRM-CM6-1,ssp585,2043,284.88259888
CNRM-CM6-1,ssp585,2044,285.66741943
CNRM-CM6-1,ssp585,2045,284.29684448
CNRM-CM6-1,ssp585,2046,283.29391479
CNRM-CM6-1,ssp585,2047,283.92810059
CNRM-CM6-1,ssp585,2048,284.08679199
CNRM-CM6-1,ssp585,2049,283.57165527
CNRM-CM6-1,ssp585,2050,285.18713379
CNRM-CM6-1,ssp585,2051,284.92617798
CNRM-CM6-1,ssp585,2052,284.56280518
CNRM-CM6-1,ssp585,2053,284.51159668
CNRM-CM6-1,ssp585,2054,282.70315552
CNRM-CM6-1,ssp585,2055,284.11203003
CNRM-CM6-1,ssp585,2056,284.58950806
CNRM-CM6-1,ssp585,2057,285.44061279
CNRM-CM6-1,ssp585,2058,285.96200562
CNRM-CM6-1,ssp585,2059,285.74481201
CNRM-CM6-1,ssp585,2060,285.05953979
CNRM-CM6-1,ssp585,2061,285.07757568
CNRM-CM6-1,ssp585,2062,284.83282471
CNRM-CM6-1,ssp585,2063,285.84255981
CNRM-CM6-1,ssp585,2064,283.04779053
CNRM-CM6-1,ssp585,2065,285.25079346
CNRM-CM6-1,ssp585,2066,285.37777710
CNRM-CM6-1,ssp585,2067,287.38031006
CNRM-CM6-1,ssp585,2068,285.30041504
CNRM-CM6-1,ssp585,2069,287.12521362
CNRM-CM6-1,ssp585,2070,284.48471069
CNRM-CM6-1,ssp585,2071,285.32669067
CNRM-CM6-1,ssp585,2072,285.98376465
CNRM-CM6-1,ssp585,2073,287.00177002
CNRM-CM6-1,ssp585,2074,285.85992432
CNRM-CM6-1,ssp585,2075,285.81536865
CNRM-CM6-1,ssp585,2076,285.81451416
CNRM-CM6-1,ssp585,2077,285.69696045
CNRM-CM6-1,ssp585,2078,286.64755249
CNRM-CM6-1,ssp585,2079,286.50128174
CNRM-CM6-1,ssp585,2080,286.71359253
CNRM-CM6-1,ssp585,2081,287.41174316
CNRM-CM6-1,ssp585,2082,285.50680542
CNRM-CM6-1,ssp585,2083,287.60556030
CNRM-CM6-1,ssp585,2084,288.93447876
CNRM-CM6-1,ssp585,2085,287.61505127
CNRM-CM6-1,ssp585,2086,287.01348877
CNRM-CM6-1,ssp585,2087,287.17965698
CNRM-CM6-1,ssp585,2088,285.95645142
CNRM-CM6-1,ssp585,2089,286.27664185
CNRM-CM6-1,ssp585,2090,288.66793823
CNRM-CM6-1,ssp585,2091,287.57720947
CNRM-CM6-1,ssp585,2092,287.10202026
CNRM-CM6-1,ssp585,2093,286.91961670
CNRM-CM6-1,ssp585,2094,288.38751221
CNRM-CM6-1,ssp585,2095,288.01632690
CNRM-CM6-1,ssp585,2096,287.26068115
CNRM-CM6-1,ssp585,2097,286.66278076
CNRM-CM6-1,ssp585,2098,288.15078735
CNRM-CM6-1,ssp585,2099,287.18469238
EC-Earth3,historical,1960,283.05889893
EC-Earth3,historical,1961,283.13980103
EC-Earth3,historical,1962,282.59835815
EC-Earth3,historical,1963,282.95883179
EC-Earth3,historical,1964,282.09265137
EC-Earth3,historical,1965,281.87750244
EC-Earth3,historical,1966,282.03894043
EC-Earth3,historical,1967,282.14514160
EC-Earth3,historical,1968,282.99386597
EC-Earth3,historical,1969,282.45205688
EC-Earth3,historical,1970,283.26113892
EC-Earth3,historical,1971,283.10208130
EC-Earth3,historical,1972,282.50375366
EC-Earth3,historical,1973,281.62387085
EC-Earth3,historical,1974,282.04949951
EC-Earth3,historical,1975,282.62359619
EC-Earth3,historical,1976,283.05633545
EC-Earth3,historical,1977,282.20541382
EC-Earth3,historical,1978,281.86904907
EC-Earth3,historical,1979,283.65023804
EC-Earth3,historical,1980,283.08346558
EC-Earth3,historical,1981,282.72546387
EC-Earth3,historical,1982,282.03063965
EC-Earth3,historical,1983,282.53860474
EC-Earth3,historical,1984,282.54812622
EC-Earth3,historical,1985,282.47528076
EC-Earth3,historical,1986,283.94076538
EC-Earth3,historical,1987,282.95544434
EC-Earth3,historical,1988,282.65545654
EC-Earth3,historical,1989,282.11810303
EC-Earth3,historical,1990,282.32968140
EC-Earth3,historical,1991,282.15200806
EC-Earth3,historical,1992,282.73977661
EC-Earth3,historical,1993,281.86236572
EC-Earth3,historical,1994,282.65554810
EC-Earth3,historical,1995,283.04312134
EC-Earth3,historical,1996,282.29309082
EC-Earth3,historical,1997,282.34356689
EC-Earth3,historical,1998,282.77441406
EC-Earth3,historical,1999,282.74945068
EC-Earth3,historical,2000,281.72473145
EC-Earth3,historical,2001,284.07604980
EC-Earth3,historical,2002,283.45565796
EC-Earth3,historical,2003,283.31976318
EC-Earth3,historical,2004,283.07412720
EC-Earth3,historical,2005,283.13970947
EC-Earth3,historical,2006,283.37161255
EC-Earth3,historical,2007,282.93023682
EC-Earth3,historical,2008,282.03619385
EC-Earth3,historical,2009,282.95355225
EC-Earth3,historical,2010,282.86630249
EC-Earth3,historical,2011,282.77297974
EC-Earth3,historical,2012,282.68804932
EC-Earth3,historical,2013,282.43817139
EC-Earth3,historical,2014,282.79132080
EC-Earth3,ssp126,2015,282.87643433
EC-Earth3,ssp126,2016,282.71142578
EC-Earth3,ssp126,2017,284.16152954
EC-Earth3,ssp126,2018,283.77148438
EC-Earth3,ssp126,2019,284.02322388
EC-Earth3,ssp126,2020,284.61318970
EC-Earth3,ssp126,2021,283.11935425
EC-Earth3,ssp126,2022,283.33316040
EC-Earth3,ssp126,2023,283.34884644
EC-Earth3,ssp126,2024,283.96102905
EC-Earth3,ssp126,2025,284.86328125
EC-Earth3,ssp126,2026,282.93505859
EC-Earth3,ssp126,2027,283.34780884
EC-Earth3,ssp126,2028,284.52148438
EC-Earth3,ssp126,2029,284.75796509
EC-Earth3,ssp126,2030,283.57437134
EC-Earth3,ssp126,2031,284.86737061
EC-Earth3,ssp126,2032,283.31967163
EC-Earth3,ssp126,2033,284.17047119
EC-Earth3,ssp126,2034,281.82028198
EC-Earth3,ssp126,2035,282.95959473
EC-Earth3,ssp126,2036,282.23730469
EC-Earth3,ssp126,2037,282.83950806
EC-Earth3,ssp126,2038,284.11587524
EC-Earth3,ssp126,2039,283.83670044
EC-Earth3,ssp126,2040,283.97637939
EC-Earth3,ssp126,2041,284.04293823
EC-Earth3,ssp126,2042,284.84310913
EC-Earth3,ssp126,2043,282.97100830
EC-Earth3,ssp126,2044,283.66687012
EC-Earth3,ssp126,2045,282.67413330
EC-Earth3,ssp126,2046,283.25823975
EC-Earth3,ssp126,2047,283.49554443
EC-Earth3,ssp126,2048,282.60214233
EC-Earth3,ssp126,2049,282.38088989
EC-Earth3,ssp126,2050,282.65902710
EC-Earth3,ssp126,2051,284.47912598
EC-Earth3,ssp126,2052,283.15872192
EC-Earth3,ssp126,2053,284.62619019
EC-Earth3,ssp126,2054,283.25057983
EC-Earth3,ssp126,2055,283.24624634
EC-Earth3,ssp126,2056,283.54486084
EC-Earth3,ssp126,2057,284.73538208
EC-Earth3,ssp126,2058,284.52059937
EC-Earth3,ssp126,2059,283.80560303
EC-Earth3,ssp126,2060,282.44863892
EC-Earth3,ssp126,2061,284.61590576
EC-Earth3,ssp126,2062,285.16787720
EC-Earth3,ssp126,2063,284.70806885
EC-Earth3,ssp126,2064,284.60107422
EC-Earth3,ssp126,2065,284.36550903
EC-Earth3,ssp126,2066,283.53427124
EC-Earth3,ssp126,2067,282.00161743
EC-Earth3,ssp126,2068,284.86331177
EC-Earth3,ssp126,2069,282.88528442
EC-Earth3,ssp126,2070,284.05371094
EC-Earth3,ssp126,2071,284.31497192
EC-Earth3,ssp126,2072,283.11819458
EC-Earth3,ssp126,2073,284.12408447
EC-Earth3,ssp126,2074,284.35000610
EC-Earth3,ssp126,2075,284.37646484
EC-Earth3,ssp126,2076,285.44039917
EC-Earth3,ssp126,2077,285.26962280
EC-Earth3,ssp126,2078,284.86465454
EC-Earth3,ssp126,2079,283.68292236
EC-Earth3,ssp126,2080,283.11639404
EC-Earth3,ssp126,2081,284.45709229
EC-Earth3,ssp126,2082,282.92483521
EC-Earth3,ssp126,2083,282.47201538
EC-Earth3,ssp126,2084,283.34191895
EC-Earth3,ssp126,2085,284.30245972
EC-Earth3,ssp126,2086,284.50088501
EC-Earth3,ssp126,2087,284.19650269
EC-Earth3,ssp126,2088,284.27810669
EC-Earth3,ssp126,2089,284.97769165
EC-Earth3,ssp126,2090,285.27294922
EC-Earth3,ssp126,2091,283.07638550
EC-Earth3,ssp126,2092,283.94647217
EC-Earth3,ssp126,2093,282.57781982
EC-Earth3,ssp126,2094,283.85397339
EC-Earth3,ssp126,2095,283.84338379
EC-Earth3,ssp126,2096,285.30963135
EC-Earth3,ssp126,2097,283.74624634
EC-Earth3,ssp126,2098,283.57644653
EC-Earth3,ssp126,2099,281.88073730
EC-Earth3,ssp245,2015,281.79949951
EC-Earth3,ssp245,2016,283.46035767
EC-Earth3,ssp245,2017,283.07492065
EC-Earth3,ssp245,2018,282.05081177
EC-Earth3,ssp245,2019,282.80929565
EC-Earth3,ssp245,2020,284.90469360
EC-Earth3,ssp245,2021,283.20379639
EC-Earth3,ssp245,2022,282.23968506
EC-Earth3,ssp245,2023,282.58047485
EC-Earth3,ssp245,2024,283.29180908
EC-Earth3,ssp245,2025,283.41647339
EC-Earth3,ssp245,2026,283.55465698
EC-Earth3,ssp245,2027,283.18078613
EC-Earth3,ssp245,2028,284.46563721
EC-Earth3,ssp245,2029,283.62704468
EC-Earth3,ssp245,2030,284.32229614
EC-Earth3,ssp245,2031,283.10519409
EC-Earth3,ssp245,2032,283.79165649
EC-Earth3,ssp245,2033,282.20391846
EC-Earth3,ssp245,2034,283.30105591
EC-Earth3,ssp245,2035,282.17474365
EC-Earth3,ssp245,2036,283.06091309
EC-Earth3,ssp245,2037,283.73352051
EC-Earth3,ssp245,2038,282.91659546
EC-Earth3,ssp245,2039,283.80258179
EC-Earth3,ssp245,2040,284.18572998
EC-Earth3,ssp245,2041,282.78335571
EC-Earth3,ssp245,2042,282.69100952
EC-Earth3,ssp245,2043,283.81494141
EC-Earth3,ssp245,2044,283.31072998
EC-Earth3,ssp245,2045,284.39801025
EC-Earth3,ssp245,2046,283.37689209
EC-Earth3,ssp245,2047,284.24597168
EC-Earth3,ssp245,2048,284.43243408
EC-Earth3,ssp245,2049,283.42300415
EC-Earth3,ssp245,2050,283.47268677
EC-Earth3,ssp245,2051,284.11407471
EC-Earth3,ssp245,2052,284.31848145
EC-Earth3,ssp245,2053,282.49649048
EC-Earth3,ssp245,2054,285.47448730
EC-Earth3,ssp245,2055,284.50109863
EC-Earth3,ssp245,2056,284.04519653
EC-Earth3,ssp245,2057,283.54391479
EC-Earth3,ssp245,2058,284.38336182
EC-Earth3,ssp245,2059,283.31488037
EC-Earth3,ssp245,2060,284.52630615
EC-Earth3,ssp245,2061,285.37756348
EC-Earth3,ssp245,2062,284.81756592
EC-Earth3,ssp245,2063,283.72302246
EC-Earth3,ssp245,2064,285.18743896
EC-Earth3,ssp245,2065,285.60070801
EC-Earth3,ssp245,2066,283.73519897
EC-Earth3,ssp245,2067,284.61581421
EC-Earth3,ssp245,2068,285.43536377
EC-Earth3,ssp245,2069,284.74267578
EC-Earth3,ssp245,2070,284.48825073
EC-Earth3,ssp245,2071,285.02230835
EC-Earth3,ssp245,2072,284.64160156
EC-Earth3,ssp245,2073,284.46893311
EC-Earth3,ssp245,2074,284.30105591
EC-Earth3,ssp245,2075,284.32354736
EC-Earth3,ssp245,2076,284.88293457
EC-Earth3,ssp245,2077,286.27481079
EC-Earth3,ssp245,2078,285.04281616
EC-Earth3,ssp245,2079,285.95046997
EC-Earth3,ssp245,2080,284.37847900
EC-Earth3,ssp245,2081,286.03048706
EC-Earth3,ssp245,2082,284.31555176
EC-Earth3,ssp245,2083,285.10873413
EC-Earth3,ssp245,2084,284.84762573
EC-Earth3,ssp245,2085,285.24444580
EC-Earth3,ssp245,2086,284.61764526
EC-Earth3,ssp245,2087,284.07305908
EC-Earth3,ssp245,2088,285.52838135
EC-Earth3,ssp245,2089,283.28781128
EC-Earth3,ssp245,2090,284.18515015
EC-Earth3,ssp245,2091,284.89450073
EC-Earth3,ssp245,2092,285.61822510
EC-Earth3,ssp245,2093,285.33264160
EC-Earth3,ssp245,2094,284.18914795
EC-Earth3,ssp245,2095,283.94961548
EC-Earth3,ssp245,2096,285.32312012
EC-Earth3,ssp245,2097,284.52371216
EC-Earth3,ssp245,2098,285.69424438
EC-Earth3,ssp245,2099,284.78643799
EC-Earth3,ssp370,2015,283.06488037
EC-Earth3,ssp370,2016,283.60650635
EC-Earth3,ssp370,2017,282.85336304
EC-Earth3,ssp370,2018,283.86956787
EC-Earth3,ssp370,2019,283.21063232
EC-Earth3,ssp370,2020,283.05566406
EC-Earth3,ssp370,2021,283.01327515
EC-Earth3,ssp370,2022,283.19064331
EC-Earth3,ssp370,2023,283.43057251
EC-Earth3,ssp370,2024,282.85110474
EC-Earth3,ssp370,2025,283.06796265
EC-Earth3,ssp370,2026,283.21038818
EC-Earth3,ssp370,2027,283.46157837
EC-Earth3,ssp370,2028,284.53628540
EC-Earth3,ssp370,2029,284.24255371
EC-Earth3,ssp370,2030,283.09347534
EC-Earth3,ssp370,2031,284.63458252
EC-Earth3,ssp370,2032,283.18621826
EC-Earth3,ssp370,2033,283.24398804
EC-Earth3,ssp370,2034,283.16534424
EC-Earth3,ssp370,2035,285.96792603
EC-Earth3,ssp370,2036,283.87286377
EC-Earth3,ssp370,2037,283.91299438
EC-Earth3,ssp370,2038,283.60546875
EC-Earth3,ssp370,2039,285.21817017
EC-Earth3,ssp370,2040,284.23977661
EC-Earth3,ssp370,2041,284.41439819
EC-Earth3,ssp370,2042,284.44989014
EC-Earth3,ssp370,2043,283.98645020
EC-Earth3,ssp370,2044,283.84216309
EC-Earth3,ssp370,2045,283.49581909
EC-Earth3,ssp370,2046,283.21408081
EC-Earth3,ssp370,2047,283.69851685
EC-Earth3,ssp370,2048,284.49331665
EC-Earth3,ssp370,2049,283.92395020
EC-Earth3,ssp370,2050,283.74865723
EC-Earth3,ssp370,2051,285.09234619
EC-Earth3,ssp370,2052,283.40237427
EC-Earth3,ssp370,2053,284.29873657
EC-Earth3,ssp370,2054,285.38058472
EC-Earth3,ssp370,2055,284.02377319
EC-Earth3,ssp370,2056,283.03985596
EC-Earth3,ssp370,2057,284.97698975
EC-Earth3,ssp370,2058,284.03747559
EC-Earth3,ssp370,2059,285.84164429
EC-Earth3,ssp370,2060,284.02459717
EC-Earth3,ssp370,2061,284.05865479
EC-Earth3,ssp370,2062,286.25070190
EC-Earth3,ssp370,2063,284.63571167
EC-Earth3,ssp370,2064,284.65579224
EC-Earth3,ssp370,2065,283.23001099
EC-Earth3,ssp370,2066,284.91806030
EC-Earth3,ssp370,2067,285.45034790
EC-Earth3,ssp370,2068,285.42303467
EC-Earth3,ssp370,2069,285.01242065
EC-Earth3,ssp370,2070,284.63928223
EC-Earth3,ssp370,2071,284.23348999
EC-Earth3,ssp370,2072,285.33798218
EC-Earth3,ssp370,2073,286.50988770
EC-Earth3,ssp370,2074,285.05282593
EC-Earth3,ssp370,2075,285.18197632
EC-Earth3,ssp370,2076,285.55853271
EC-Earth3,ssp370,2077,285.62789917
EC-Earth3,ssp370,2078,285.54421997
EC-Earth3,ssp370,2079,285.80441284
EC-Earth3,ssp370,2080,286.69430542
EC-Earth3,ssp370,2081,285.03457642
EC-Earth3,ssp370,2082,285.75360107
EC-Earth3,ssp370,2083,285.62814331
EC-Earth3,ssp370,2084,287.75048828
EC-Earth3,ssp370,2085,285.63958740
EC-Earth3,ssp370,2086,284.89550781
EC-Earth3,ssp370,2087,286.01986694
EC-Earth3,ssp370,2088,287.69662476
EC-Earth3,ssp370,2089,286.38909912
EC-Earth3,ssp370,2090,286.24005127
EC-Earth3,ssp370,2091,285.76113892
EC-Earth3,ssp370,2092,285.83987427
EC-Earth3,ssp370,2093,285.66714478
EC-Earth3,ssp370,2094,285.79022217
EC-Earth3,ssp370,2095,285.36651611
EC-Earth3,ssp370,2096,286.18737793
EC-Earth3,ssp370,2097,286.41204834
EC-Earth3,ssp370,2098,286.64675903
EC-Earth3,ssp370,2099,287.14404297
EC-Earth3,ssp585,2015,283.60061646
EC-Earth3,ssp585,2016,282.80218506
EC-Earth3,ssp585,2017,281.86193848
EC-Earth3,ssp585,2018,284.50247192
EC-Earth3,ssp585,2019,282.46173096
EC-Earth3,ssp585,2020,282.82067871
EC-Earth3,ssp585,2021,283.03121948
EC-Earth3,ssp585,2022,283.41589355
EC-Earth3,ssp585,2023,283.32012939
EC-Earth3,ssp585,2024,283.90194702
EC-Earth3,ssp585,2025,283.29589844
EC-Earth3,ssp585,2026,283.28936768
EC-Earth3,ssp585,2027,283.08859253
EC-Earth3,ssp585,2028,284.90335083
EC-Earth3,ssp585,2029,283.71447754
EC-Earth3,ssp585,2030,284.79867554
EC-Earth3,ssp585,2031,283.38937378
EC-Earth3,ssp585,2032,282.95709229
EC-Earth3,ssp585,2033,283.90982056
EC-Earth3,ssp585,2034,283.40805054
EC-Earth3,ssp585,2035,284.39132690
EC-Earth3,ssp585,2036,283.08233643
EC-Earth3,ssp585,2037,283.93395996
EC-Earth3,ssp585,2038,283.93515015
EC-Earth3,ssp585,2039,282.56265259
EC-Earth3,ssp585,2040,283.78164673
EC-Earth3,ssp585,2041,284.30926514
EC-Earth3,ssp585,2042,284.51065063
EC-Earth3,ssp585,2043,285.03457642
EC-Earth3,ssp585,2044,284.22799683
EC-Earth3,ssp585,2045,284.48477173
EC-Earth3,ssp585,2046,282.95474243
EC-Earth3,ssp585,2047,284.68835449
EC-Earth3,ssp585,2048,283.55618286
EC-Earth3,ssp585,2049,284.88519287
EC-Earth3,ssp585,2050,284.62631226
EC-Earth3,ssp585,2051,284.84411621
EC-Earth3,ssp585,2052,283.73513794
EC-Earth3,ssp585,2053,285.45452881
EC-Earth3,ssp585,2054,285.25253296
EC-Earth3,ssp585,2055,284.30258179
EC-Earth3,ssp585,2056,285.05413818
EC-Earth3,ssp585,2057,283.01931763
EC-Earth3,ssp585,2058,285.22564697
EC-Earth3,ssp585,2059,285.68066406
EC-Earth3,ssp585,2060,283.90902710
EC-Earth3,ssp585,2061,282.91204834
EC-Earth3,ssp585,2062,284.90710449
EC-Earth3,ssp585,2063,285.10134888
EC-Earth3,ssp585,2064,284.99563599
EC-Earth3,ssp585,2065,285.65606689
EC-Earth3,ssp585,2066,284.48059082
EC-Earth3,ssp585,2067,285.26272583
EC-Earth3,ssp585,2068,286.21099854
EC-Earth3,ssp585,2069,285.56774902
EC-Earth3,ssp585,2070,285.90591431
EC-Earth3,ssp585,2071,285.48638916
EC-Earth3,ssp585,2072,286.03460693
EC-Earth3,ssp585,2073,286.02694702
EC-Earth3,ssp585,2074,285.92572021
EC-Earth3,ssp585,2075,285.18524170
EC-Earth3,ssp585,2076,285.44369507
EC-Earth3,ssp585,2077,285.40640259
EC-Earth3,ssp585,2078,285.69323730
EC-Earth3,ssp585,2079,286.45996094
EC-Earth3,ssp585,2080,286.75384521
EC-Earth3,ssp585,2081,285.55599976
EC-Earth3,ssp585,2082,287.21075439
EC-Earth3,ssp585,2083,287.39071655
EC-Earth3,ssp585,2084,286.53155518
EC-Earth3,ssp585,2085,286.25695801
EC-Earth3,ssp585,2086,286.16799927
EC-Earth3,ssp585,2087,286.50076294
EC-Earth3,ssp585,2088,286.44241333
EC-Earth3,ssp585,2089,286.94708252
EC-Earth3,ssp585,2090,286.11215210
EC-Earth3,ssp585,2091,286.32812500
EC-Earth3,ssp585,2092,285.88955688
EC-Earth3,ssp585,2093,286.96893311
EC-Earth3,ssp585,2094,289.15441895
EC-Earth3,ssp585,2095,287.15414429
EC-Earth3,ssp585,2096,287.29867554
EC-Earth3,ssp585,2097,287.63195801
EC-Earth3,ssp585,2098,286.45355225
EC-Earth3,ssp585,2099,286.47497559
GFDL-ESM4,historical,1960,282.64807129
GFDL-ESM4,historical,1961,282.65820312
GFDL-ESM4,historical,1962,281.65267944
GFDL-ESM4,historical,1963,281.16824341
GFDL-ESM4,historical,1964,282.79177856
GFDL-ESM4,historical,1965,283.61492920
GFDL-ESM4,historical,1966,281.93417358
GFDL-ESM4,historical,1967,281.79598999
GFDL-ESM4,historical,1968,282.26562500
GFDL-ESM4,historical,1969,282.86477661
GFDL-ESM4,historical,1970,282.57412720
GFDL-ESM4,historical,1971,283.48736572
GFDL-ESM4,historical,1972,281.33233643
GFDL-ESM4,historical,1973,280.87884521
GFDL-ESM4,historical,1974,283.26119995
GFDL-ESM4,historical,1975,283.92614746
GFDL-ESM4,historical,1976,282.51217651
GFDL-ESM4,historical,1977,283.75479126
GFDL-ESM4,historical,1978,282.59713745
GFDL-ESM4,historical,1979,283.05828857
GFDL-ESM4,historical,1980,282.33261108
GFDL-ESM4,historical,1981,281.28326416
GFDL-ESM4,historical,1982,283.25866699
GFDL-ESM4,historical,1983,284.07873535
GFDL-ESM4,historical,1984,282.42523193
GFDL-ESM4,historical,1985,282.74185181
GFDL-ESM4,historical,1986,282.42276001
GFDL-ESM4,historical,1987,283.55426025
GFDL-ESM4,historical,1988,282.40188599
GFDL-ESM4,historical,1989,281.82415771
GFDL-ESM4,historical,1990,282.37063599
GFDL-ESM4,historical,1991,281.73983765
GFDL-ESM4,historical,1992,283.46600342
GFDL-ESM4,historical,1993,283.23348999
GFDL-ESM4,historical,1994,283.67150879
GFDL-ESM4,historical,1995,282.88656616
GFDL-ESM4,historical,1996,283.05633545
GFDL-ESM4,historical,1997,282.93096924
GFDL-ESM4,historical,1998,282.48968506
GFDL-ESM4,historical,1999,282.98236084
GFDL-ESM4,historical,2000,283.43505859
GFDL-ESM4,historical,2001,282.62411499
GFDL-ESM4,historical,2002,282.21575928
GFDL-ESM4,historical,2003,283.16229248
GFDL-ESM4,historical,2004,283.26480103
GFDL-ESM4,historical,2005,282.45956421
GFDL-ESM4,historical,2006,282.77621460
GFDL-ESM4,historical,2007,282.83135986
GFDL-ESM4,historical,2008,283.09918213
GFDL-ESM4,historical,2009,282.71157837
GFDL-ESM4,historical,2010,282.08905029
GFDL-ESM4,historical,2011,284.21176147
GFDL-ESM4,historical,2012,283.16726685
GFDL-ESM4,historical,2013,283.18511963
GFDL-ESM4,historical,2014,283.28826904
GFDL-ESM4,ssp126,2015,282.49475098
GFDL-ESM4,ssp126,2016,283.14077759
GFDL-ESM4,ssp126,2017,284.18252563
GFDL-ESM4,ssp126,2018,282.35494995
GFDL-ESM4,ssp126,2019,282.39874268
GFDL-ESM4,ssp126,2020,282.19778442
GFDL-ESM4,ssp126,2021,280.96926880
GFDL-ESM4,ssp126,2022,281.79638672
GFDL-ESM4,ssp126,2023,284.83709717
GFDL-ESM4,ssp126,2024,283.15585327
GFDL-ESM4,ssp126,2025,284.53228760
GFDL-ESM4,ssp126,2026,283.02005005
GFDL-ESM4,ssp126,2027,284.40319824
GFDL-ESM4,ssp126,2028,283.89547729
GFDL-ESM4,ssp126,2029,282.31396484
GFDL-ESM4,ssp126,2030,283.91851807
GFDL-ESM4,ssp126,2031,283.26473999
GFDL-ESM4,ssp126,2032,282.26449585
GFDL-ESM4,ssp126,2033,283.15603638
GFDL-ESM4,ssp126,2034,282.90585327
GFDL-ESM4,ssp126,2035,284.85824585
GFDL-ESM4,ssp126,2036,282.71853638
GFDL-ESM4,ssp126,2037,281.89141846
GFDL-ESM4,ssp126,2038,282.93847656
GFDL-ESM4,ssp126,2039,283.20498657
GFDL-ESM4,ssp126,2040,282.65841675
GFDL-ESM4,ssp126,2041,283.49432373
GFDL-ESM4,ssp126,2042,283.24606323
GFDL-ESM4,ssp126,2043,283.20071411
GFDL-ESM4,ssp126,2044,283.27041626
GFDL-ESM4,ssp126,2045,284.76174927
GFDL-ESM4,ssp126,2046,282.47714233
GFDL-ESM4,ssp126,2047,283.48452759
GFDL-ESM4,ssp126,2048,284.37655640
GFDL-ESM4,ssp126,2049,282.65661621
GFDL-ESM4,ssp126,2050,284.28720093
GFDL-ESM4,ssp126,2051,283.19711304
GFDL-ESM4,ssp126,2052,283.87625122
GFDL-ESM4,ssp126,2053,283.93814087
GFDL-ESM4,ssp126,2054,283.88726807
GFDL-ESM4,ssp126,2055,282.72555542
GFDL-ESM4,ssp126,2056,282.65304565
GFDL-ESM4,ssp126,2057,282.65954590
GFDL-ESM4,ssp126,2058,282.85275269
GFDL-ESM4,ssp126,2059,282.78469849
GFDL-ESM4,ssp126,2060,283.01852417
GFDL-ESM4,ssp126,2061,283.69845581
GFDL-ESM4,ssp126,2062,282.99624634
GFDL-ESM4,ssp126,2063,283.60119629
GFDL-ESM4,ssp126,2064,282.96804810
GFDL-ESM4,ssp126,2065,283.62997437
GFDL-ESM4,ssp126,2066,283.64694214
GFDL-ESM4,ssp126,2067,284.20852661
GFDL-ESM4,ssp126,2068,282.70242310
GFDL-ESM4,ssp126,2069,283.07012939
GFDL-ESM4,ssp126,2070,284.84353638
GFDL-ESM4,ssp126,2071,283.08258057
GFDL-ESM4,ssp126,2072,284.71377563
GFDL-ESM4,ssp126,2073,283.01058960
GFDL-ESM4,ssp126,2074,284.16842651
GFDL-ESM4,ssp126,2075,283.63885498
GFDL-ESM4,ssp126,2076,283.62292480
GFDL-ESM4,ssp126,2077,284.39785767
GFDL-ESM4,ssp126,2078,285.27722168
GFDL-ESM4,ssp126,2079,283.26791382
GFDL-ESM4,ssp126,2080,284.03872681
GFDL-ESM4,ssp126,2081,282.68511963
GFDL-ESM4,ssp126,2082,283.30538940
GFDL-ESM4,ssp126,2083,282.12725830
GFDL-ESM4,ssp126,2084,283.86053467
GFDL-ESM4,ssp126,2085,283.62283325
GFDL-ESM4,ssp126,2086,283.44515991
GFDL-ESM4,ssp126,2087,284.04260254
GFDL-ESM4,ssp126,2088,284.20751953
GFDL-ESM4,ssp126,2089,284.19064331
GFDL-ESM4,ssp126,2090,282.31500244
GFDL-ESM4,ssp126,2091,283.79931641
GFDL-ESM4,ssp126,2092,285.63568115
GFDL-ESM4,ssp126,2093,283.77325439
GFDL-ESM4,ssp126,2094,284.41903687
GFDL-ESM4,ssp126,2095,283.32366943
GFDL-ESM4,ssp126,2096,284.71151733
GFDL-ESM4,ssp126,2097,284.03427124
GFDL-ESM4,ssp126,2098,283.70886230
GFDL-ESM4,ssp126,2099,284.84274292
GFDL-ESM4,ssp245,2015,282.38418579
GFDL-ESM4,ssp245,2016,282.14382935
GFDL-ESM4,ssp245,2017,282.42919922
GFDL-ESM4,ssp245,2018,282.37167358
GFDL-ESM4,ssp245,2019,282.54208374
GFDL-ESM4,ssp245,2020,284.05303955
GFDL-ESM4,ssp245,2021,283.42614746
GFDL-ESM4,ssp245,2022,283.71194458
GFDL-ESM4,ssp245,2023,283.62515259
GFDL-ESM4,ssp245,2024,282.24349976
GFDL-ESM4,ssp245,2025,282.34542847
GFDL-ESM4,ssp245,2026,282.28536987
GFDL-ESM4,ssp245,2027,282.47671509
GFDL-ESM4,ssp245,2028,283.61233521
GFDL-ESM4,ssp245,2029,283.81402588
GFDL-ESM4,ssp245,2030,282.98941040
GFDL-ESM4,ssp245,2031,284.01992798
GFDL-ESM4,ssp245,2032,283.28866577
GFDL-ESM4,ssp245,2033,283.13275146
GFDL-ESM4,ssp245,2034,283.48590088
GFDL-ESM4,ssp245,2035,282.83334351
GFDL-ESM4,ssp245,2036,284.24017334
GFDL-ESM4,ssp245,2037,282.46774292
GFDL-ESM4,ssp245,2038,283.14682007
GFDL-ESM4,ssp245,2039,283.27294922
GFDL-ESM4,ssp245,2040,283.50546265
GFDL-ESM4,ssp245,2041,284.11434937
GFDL-ESM4,ssp245,2042,282.50683594
GFDL-ESM4,ssp245,2043,284.48684692
GFDL-ESM4,ssp245,2044,283.28121948
GFDL-ESM4,ssp245,2045,284.14501953
GFDL-ESM4,ssp245,2046,283.37496948
GFDL-ESM4,ssp245,2047,282.88378906
GFDL-ESM4,ssp245,2048,283.91055298
GFDL-ESM4,ssp245,2049,282.97479248
GFDL-ESM4,ssp245,2050,283.34146118
GFDL-ESM4,ssp245,2051,285.01104736
GFDL-ESM4,ssp245,2052,284.23037720
GFDL-ESM4,ssp245,2053,283.61584473
GFDL-ESM4,ssp245,2054,284.21221924
GFDL-ESM4,ssp245,2055,283.47320557
GFDL-ESM4,ssp245,2056,283.43298340
GFDL-ESM4,ssp245,2057,283.90399170
GFDL-ESM4,ssp245,2058,282.45996094
GFDL-ESM4,ssp245,2059,283.56671143
GFDL-ESM4,ssp245,2060,283.77929688
GFDL-ESM4,ssp245,2061,283.93191528
GFDL-ESM4,ssp245,2062,283.20938110
GFDL-ESM4,ssp245,2063,284.25350952
GFDL-ESM4,ssp245,2064,283.02194214
GFDL-ESM4,ssp245,2065,284.56872559
GFDL-ESM4,ssp245,2066,282.65509033
GFDL-ESM4,ssp245,2067,284.63864136
GFDL-ESM4,ssp245,2068,284.70260620
GFDL-ESM4,ssp245,2069,283.99301147
GFDL-ESM4,ssp245,2070,284.36877441
GFDL-ESM4,ssp245,2071,283.61904907
GFDL-ESM4,ssp245,2072,283.86041260
GFDL-ESM4,ssp245,2073,285.03182983
GFDL-ESM4,ssp245,2074,284.44708252
GFDL-ESM4,ssp245,2075,285.20849609
GFDL-ESM4,ssp245,2076,284.30996704
GFDL-ESM4,ssp245,2077,285.23724365
GFDL-ESM4,ssp245,2078,285.17572021
GFDL-ESM4,ssp245,2079,284.33370972
GFDL-ESM4,ssp245,2080,283.13113403
GFDL-ESM4,ssp245,2081,284.25238037
GFDL-ESM4,ssp245,2082,283.84344482
GFDL-ESM4,ssp245,2083,285.20690918
GFDL-ESM4,ssp245,2084,284.22009277
GFDL-ESM4,ssp245,2085,284.71554565
GFDL-ESM4,ssp245,2086,283.87976074
GFDL-ESM4,ssp245,2087,286.13363647
GFDL-ESM4,ssp245,2088,284.40270996
GFDL-ESM4,ssp245,2089,284.43154907
GFDL-ESM4,ssp245,2090,285.21856689
GFDL-ESM4,ssp245,2091,285.87619019
GFDL-ESM4,ssp245,2092,284.21536255
GFDL-ESM4,ssp245,2093,284.66970825
GFDL-ESM4,ssp245,2094,284.93963623
GFDL-ESM4,ssp245,2095,284.42105103
GFDL-ESM4,ssp245,2096,284.43539429
GFDL-ESM4,ssp245,2097,284.60372925
GFDL-ESM4,ssp245,2098,285.57458496
GFDL-ESM4,ssp245,2099,284.59963989
GFDL-ESM4,ssp370,2015,283.73800659
GFDL-ESM4,ssp370,2016,283.15591431
GFDL-ESM4,ssp370,2017,282.54229736
GFDL-ESM4,ssp370,2018,283.19827271
GFDL-ESM4,ssp370,2019,283.83248901
GFDL-ESM4,ssp370,2020,282.55563354
GFDL-ESM4,ssp370,2021,282.63812256
GFDL-ESM4,ssp370,2022,283.95401001
GFDL-ESM4,ssp370,2023,284.75778198
GFDL-ESM4,ssp370,2024,283.59466553
GFDL-ESM4,ssp370,2025,282.29647827
GFDL-ESM4,ssp370,2026,283.51828003
GFDL-ESM4,ssp370,2027,284.19927979
GFDL-ESM4,ssp370,2028,282.95574951
GFDL-ESM4,ssp370,2029,282.54193115
GFDL-ESM4,ssp370,2030,283.87292480
GFDL-ESM4,ssp370,2031,282.42767334
GFDL-ESM4,ssp370,2032,282.23809814
GFDL-ESM4,ssp370,2033,283.46914673
GFDL-ESM4,ssp370,2034,282.99148560
GFDL-ESM4,ssp370,2035,282.98654175
GFDL-ESM4,ssp370,2036,282.49166870
GFDL-ESM4,ssp370,2037,283.05630493
GFDL-ESM4,ssp370,2038,283.43075562
GFDL-ESM4,ssp370,2039,284.41082764
GFDL-ESM4,ssp370,2040,282.97842407
GFDL-ESM4,ssp370,2041,285.01828003
GFDL-ESM4,ssp370,2042,283.90289307
GFDL-ESM4,ssp370,2043,284.16009521
GFDL-ESM4,ssp370,2044,283.37060547
GFDL-ESM4,ssp370,2045,283.01199341
GFDL-ESM4,ssp370,2046,283.31607056
GFDL-ESM4,ssp370,2047,283.15878296
GFDL-ESM4,ssp370,2048,283.68621826
GFDL-ESM4,ssp370,2049,283.23583984
GFDL-ESM4,ssp370,2050,284.00030518
GFDL-ESM4,ssp370,2051,283.31542969
GFDL-ESM4,ssp370,2052,283.66418457
GFDL-ESM4,ssp370,2053,283.47268677
GFDL-ESM4,ssp370,2054,282.94705200
GFDL-ESM4,ssp370,2055,284.30743408
GFDL-ESM4,ssp370,2056,283.65939331
GFDL-ESM4,ssp370,2057,284.69943237
GFDL-ESM4,ssp370,2058,283.40234375
GFDL-ESM4,ssp370,2059,285.71163940
GFDL-ESM4,ssp370,2060,283.10171509
GFDL-ESM4,ssp370,2061,283.86367798
GFDL-ESM4,ssp370,2062,284.76867676
GFDL-ESM4,ssp370,2063,284.37356567
GFDL-ESM4,ssp370,2064,282.73980713
GFDL-ESM4,ssp370,2065,283.84954834
GFDL-ESM4,ssp370,2066,285.21841431
GFDL-ESM4,ssp370,2067,284.55825806
GFDL-ESM4,ssp370,2068,284.40008545
GFDL-ESM4,ssp370,2069,284.54458618
GFDL-ESM4,ssp370,2070,284.26007080
GFDL-ESM4,ssp370,2071,284.31808472
GFDL-ESM4,ssp370,2072,285.63537598
GFDL-ESM4,ssp370,2073,284.39685059
GFDL-ESM4,ssp370,2074,284.68701172
GFDL-ESM4,ssp370,2075,284.65417480
GFDL-ESM4,ssp370,2076,285.39987183
GFDL-ESM4,ssp370,2077,286.45831299
GFDL-ESM4,ssp370,2078,285.53170776
GFDL-ESM4,ssp370,2079,283.92245483
GFDL-ESM4,ssp370,2080,285.11068726
GFDL-ESM4,ssp370,2081,285.91604614
GFDL-ESM4,ssp370,2082,285.24252319
GFDL-ESM4,ssp370,2083,284.97570801
GFDL-ESM4,ssp370,2084,283.94937134
GFDL-ESM4,ssp370,2085,285.39831543
GFDL-ESM4,ssp370,2086,285.81253052
GFDL-ESM4,ssp370,2087,285.90560913
GFDL-ESM4,ssp370,2088,285.29846191
GFDL-ESM4,ssp370,2089,285.37255859
GFDL-ESM4,ssp370,2090,285.37277222
GFDL-ESM4,ssp370,2091,285.61178589
GFDL-ESM4,ssp370,2092,286.34237671
GFDL-ESM4,ssp370,2093,283.99325562
GFDL-ESM4,ssp370,2094,285.82629395
GFDL-ESM4,ssp370,2095,285.99948120
GFDL-ESM4,ssp370,2096,284.82281494
GFDL-ESM4,ssp370,2097,286.00271606
GFDL-ESM4,ssp370,2098,285.28549194
GFDL-ESM4,ssp370,2099,287.50985718
GFDL-ESM4,ssp585,2015,283.99212646
GFDL-ESM4,ssp585,2016,283.19631958
GFDL-ESM4,ssp585,2017,283.36309814
GFDL-ESM4,ssp585,2018,283.27276611
GFDL-ESM4,ssp585,2019,284.43777466
GFDL-ESM4,ssp585,2020,284.83386230
GFDL-ESM4,ssp585,2021,282.85302734
GFDL-ESM4,ssp585,2022,283.81622314
GFDL-ESM4,ssp585,2023,283.08963013
GFDL-ESM4,ssp585,2024,283.18194580
GFDL-ESM4,ssp585,2025,282.24545288
GFDL-ESM4,ssp585,2026,283.17498779
GFDL-ESM4,ssp585,2027,284.12509155
GFDL-ESM4,ssp585,2028,282.28289795
GFDL-ESM4,ssp585,2029,283.16864014
GFDL-ESM4,ssp585,2030,283.26702881
GFDL-ESM4,ssp585,2031,283.01248169
GFDL-ESM4,ssp585,2032,282.51068115
GFDL-ESM4,ssp585,2033,283.66494751
GFDL-ESM4,ssp585,2034,282.56234741
GFDL-ESM4,ssp585,2035,283.15423584
GFDL-ESM4,ssp585,2036,282.89971924
GFDL-ESM4,ssp585,2037,282.71795654
GFDL-ESM4,ssp585,2038,284.11117554
GFDL-ESM4,ssp585,2039,283.17498779
GFDL-ESM4,ssp585,2040,282.69680786
GFDL-ESM4,ssp585,2041,283.24990845
GFDL-ESM4,ssp585,2042,285.12344360
GFDL-ESM4,ssp585,2043,284.03668213
GFDL-ESM4,ssp585,2044,283.00497437
GFDL-ESM4,ssp585,2045,282.28924561
GFDL-ESM4,ssp585,2046,283.78308105
GFDL-ESM4,ssp585,2047,283.64688110
GFDL-ESM4,ssp585,2048,282.77453613
GFDL-ESM4,ssp585,2049,283.98382568
GFDL-ESM4,ssp585,2050,284.00000000
GFDL-ESM4,ssp585,2051,285.22354126
GFDL-ESM4,ssp585,2052,284.43612671
GFDL-ESM4,ssp585,2053,283.30599976
GFDL-ESM4,ssp585,2054,282.91098022
GFDL-ESM4,ssp585,2055,283.01464844
GFDL-ESM4,ssp585,2056,284.05435181
GFDL-ESM4,ssp585,2057,284.83221436
GFDL-ESM4,ssp585,2058,285.55093384
GFDL-ESM4,ssp585,2059,283.47830200
GFDL-ESM4,ssp585,2060,285.53036499
GFDL-ESM4,ssp585,2061,284.32443237
GFDL-ESM4,ssp585,2062,283.88034058
GFDL-ESM4,ssp585,2063,284.92965698
GFDL-ESM4,ssp585,2064,284.94393921
GFDL-ESM4,ssp585,2065,284.87472534
GFDL-ESM4,ssp585,2066,284.23229980
GFDL-ESM4,ssp585,2067,284.37954712
GFDL-ESM4,ssp585,2068,284.25253296
GFDL-ESM4,ssp585,2069,284.45181274
GFDL-ESM4,ssp585,2070,285.17767334
GFDL-ESM4,ssp585,2071,286.22061157
GFDL-ESM4,ssp585,2072,285.15585327
GFDL-ESM4,ssp585,2073,285.43585205
GFDL-ESM4,ssp585,2074,284.94497681
GFDL-ESM4,ssp585,2075,285.28948975
GFDL-ESM4,ssp585,2076,286.62683105
GFDL-ESM4,ssp585,2077,285.45956421
GFDL-ESM4,ssp585,2078,285.24179077
GFDL-ESM4,ssp585,2079,286.27606201
GFDL-ESM4,ssp585,2080,285.31472778
GFDL-ESM4,ssp585,2081,286.14334106
GFDL-ESM4,ssp585,2082,285.23635864
GFDL-ESM4,ssp585,2083,285.69619751
GFDL-ESM4,ssp585,2084,285.59277344
GFDL-ESM4,ssp585,2085,286.76351929
GFDL-ESM4,ssp585,2086,285.74511719
GFDL-ESM4,ssp585,2087,284.91378784
GFDL-ESM4,ssp585,2088,286.59542847
GFDL-ESM4,ssp585,2089,285.64288330
GFDL-ESM4,ssp585,2090,286.56607056
GFDL-ESM4,ssp585,2091,287.36730957
GFDL-ESM4,ssp585,2092,285.83706665
GFDL-ESM4,ssp585,2093,285.67074585
GFDL-ESM4,ssp585,2094,284.99896240
GFDL-ESM4,ssp585,2095,286.18807983
GFDL-ESM4,ssp585,2096,285.59338379
GFDL-ESM4,ssp585,2097,286.28115845
GFDL-ESM4,ssp585,2098,286.55685425
GFDL-ESM4,ssp585,2099,285.72546387
NorESM2-MM,historical,1960,281.19039917
NorESM2-MM,historical,1961,281.47027588
NorESM2-MM,historical,1962,280.63662720
NorESM2-MM,historical,1963,282.91204834
NorESM2-MM,historical,1964,282.71353149
NorESM2-MM,historical,1965,282.55960083
NorESM2-MM,historical,1966,281.73571777
NorESM2-MM,historical,1967,281.40478516
NorESM2-MM,historical,1968,282.46954346
NorESM2-MM,historical,1969,283.46316528
NorESM2-MM,historical,1970,281.22671509
NorESM2-MM,historical,1971,283.07748413
NorESM2-MM,historical,1972,281.89761353
NorESM2-MM,historical,1973,282.85113525
NorESM2-MM,historical,1974,284.25564575
NorESM2-MM,historical,1975,282.38467407
NorESM2-MM,historical,1976,282.31646729
NorESM2-MM,historical,1977,283.95080566
NorESM2-MM,historical,1978,282.09396362
NorESM2-MM,historical,1979,281.32812500
NorESM2-MM,historical,1980,283.07623291
NorESM2-MM,historical,1981,283.29879761
NorESM2-MM,historical,1982,282.71609497
NorESM2-MM,historical,1983,282.86419678
NorESM2-MM,historical,1984,281.81604004
NorESM2-MM,historical,1985,281.86212158
NorESM2-MM,historical,1986,282.61682129
NorESM2-MM,historical,1987,282.29309082
NorESM2-MM,historical,1988,282.40081787
NorESM2-MM,historical,1989,283.14923096
NorESM2-MM,historical,1990,281.55123901
NorESM2-MM,historical,1991,282.78997803
NorESM2-MM,historical,1992,282.85806274
NorESM2-MM,historical,1993,283.75872803
NorESM2-MM,historical,1994,282.49804688
NorESM2-MM,historical,1995,283.08502197
NorESM2-MM,historical,1996,281.44802856
NorESM2-MM,historical,1997,281.21191406
NorESM2-MM,historical,1998,285.01965332
NorESM2-MM,historical,1999,283.67471313
NorESM2-MM,historical,2000,282.91000366
NorESM2-MM,historical,2001,282.01721191
NorESM2-MM,historical,2002,284.34780884
NorESM2-MM,historical,2003,282.47152710
NorESM2-MM,historical,2004,282.42648315
NorESM2-MM,historical,2005,282.53811646
NorESM2-MM,historical,2006,282.68896484
NorESM2-MM,historical,2007,282.69195557
NorESM2-MM,historical,2008,281.98849487
NorESM2-MM,historical,2009,283.08154297
NorESM2-MM,historical,2010,282.75177002
NorESM2-MM,historical,2011,283.48031616
NorESM2-MM,historical,2012,282.60122681
NorESM2-MM,historical,2013,281.97024536
NorESM2-MM,historical,2014,281.36846924
NorESM2-MM,ssp126,2015,282.82849121
NorESM2-MM,ssp126,2016,282.94140625
NorESM2-MM,ssp126,2017,282.74560547
NorESM2-MM,ssp126,2018,282.81356812
NorESM2-MM,ssp126,2019,282.24133301
NorESM2-MM,ssp126,2020,282.28939819
NorESM2-MM,ssp126,2021,281.44940186
NorESM2-MM,ssp126,2022,282.44003296
NorESM2-MM,ssp126,2023,283.26428223
NorESM2-MM,ssp126,2024,282.93276978
NorESM2-MM,ssp126,2025,282.66213989
NorESM2-MM,ssp126,2026,281.88131714
NorESM2-MM,ssp126,2027,281.85845947
NorESM2-MM,ssp126,2028,281.56292725
NorESM2-MM,ssp126,2029,282.05618286
NorESM2-MM,ssp126,2030,281.87838745
NorESM2-MM,ssp126,2031,282.11691284
NorESM2-MM,ssp126,2032,281.72406006
NorESM2-MM,ssp126,2033,283.99645996
NorESM2-MM,ssp126,2034,282.23962402
NorESM2-MM,ssp126,2035,282.97225952
NorESM2-MM,ssp126,2036,283.55075073
NorESM2-MM,ssp126,2037,282.05517578
NorESM2-MM,ssp126,2038,283.20324707
NorESM2-MM,ssp126,2039,282.75439453
NorESM2-MM,ssp126,2040,282.35293579
NorESM2-MM,ssp126,2041,281.23107910
NorESM2-MM,ssp126,2042,282.07574463
NorESM2-MM,ssp126,2043,281.00604248
NorESM2-MM,ssp126,2044,281.70269775
NorESM2-MM,ssp126,2045,282.85781860
NorESM2-MM,ssp126,2046,282.09228516
NorESM2-MM,ssp126,2047,282.42318726
NorESM2-MM,ssp126,2048,282.22518921
NorESM2-MM,ssp126,2049,283.28356934
NorESM2-MM,ssp126,2050,283.60009766
NorESM2-MM,ssp126,2051,281.12118530
NorESM2-MM,ssp126,2052,282.74572754
NorESM2-MM,ssp126,2053,283.42987061
NorESM2-MM,ssp126,2054,283.39584351
NorESM2-MM,ssp126,2055,281.99182129
NorESM2-MM,ssp126,2056,282.85501099
NorESM2-MM,ssp126,2057,283.44747925
NorESM2-MM,ssp126,2058,281.89715576
NorESM2-MM,ssp126,2059,282.99893188
NorESM2-MM,ssp126,2060,283.04190063
NorESM2-MM,ssp126,2061,283.96832275
NorESM2-MM,ssp126,2062,282.42010498
NorESM2-MM,ssp126,2063,282.72610474
NorESM2-MM,ssp126,2064,282.75256348
NorESM2-MM,ssp126,2065,283.47665405
NorESM2-MM,ssp126,2066,282.87344360
NorESM2-MM,ssp126,2067,283.35107422
NorESM2-MM,ssp126,2068,283.48348999
NorESM2-MM,ssp126,2069,281.87362671
NorESM2-MM,ssp126,2070,281.96191406
NorESM2-MM,ssp126,2071,282.56027222
NorESM2-MM,ssp126,2072,283.80865479
NorESM2-MM,ssp126,2073,283.73513794
NorESM2-MM,ssp126,2074,282.97921753
NorESM2-MM,ssp126,2075,282.70266724
NorESM2-MM,ssp126,2076,282.01266479
NorESM2-MM,ssp126,2077,282.69680786
NorESM2-MM,ssp126,2078,283.53829956
NorESM2-MM,ssp126,2079,281.63653564
NorESM2-MM,ssp126,2080,283.44979858
NorESM2-MM,ssp126,2081,282.54629517
NorESM2-MM,ssp126,2082,283.53976440
NorESM2-MM,ssp126,2083,282.55157471
NorESM2-MM,ssp126,2084,283.36648560
NorESM2-MM,ssp126,2085,283.32138062
NorESM2-MM,ssp126,2086,281.96578979
NorESM2-MM,ssp126,2087,283.09039307
NorESM2-MM,ssp126,2088,282.88467407
NorESM2-MM,ssp126,2089,282.50234985
NorESM2-MM,ssp126,2090,282.95935059
NorESM2-MM,ssp126,2091,284.32449341
NorESM2-MM,ssp126,2092,282.73928833
NorESM2-MM,ssp126,2093,283.75274658
NorESM2-MM,ssp126,2094,283.94338989
NorESM2-MM,ssp126,2095,283.49990845
NorESM2-MM,ssp126,2096,282.36767578
NorESM2-MM,ssp126,2097,284.01699829
NorESM2-MM,ssp126,2098,282.72686768
NorESM2-MM,ssp126,2099,283.92581177
NorESM2-MM,ssp245,2015,282.28512573
NorESM2-MM,ssp245,2016,281.67495728
NorESM2-MM,ssp245,2017,281.31521606
NorESM2-MM,ssp245,2018,282.53500366
NorESM2-MM,ssp245,2019,282.05480957
NorESM2-MM,ssp245,2020,281.33370972
NorESM2-MM,ssp245,2021,283.13195801
NorESM2-MM,ssp245,2022,283.50982666
NorESM2-MM,ssp245,2023,281.41729736
NorESM2-MM,ssp245,2024,282.18212891
NorESM2-MM,ssp245,2025,283.58642578
NorESM2-MM,ssp245,2026,281.82095337
NorESM2-MM,ssp245,2027,282.39743042
NorESM2-MM,ssp245,2028,283.81304932
NorESM2-MM,ssp245,2029,282.76187134
NorESM2-MM,ssp245,2030,282.00891113
NorESM2-MM,ssp245,2031,282.43896484
NorESM2-MM,ssp245,2032,283.43502808
NorESM2-MM,ssp245,2033,282.91543579
NorESM2-MM,ssp245,2034,284.04071045
NorESM2-MM,ssp245,2035,283.22650146
NorESM2-MM,ssp245,2036,282.76022339
NorESM2-MM,ssp245,2037,282.80319214
NorESM2-MM,ssp245,2038,281.72067261
NorESM2-MM,ssp245,2039,282.29751587
NorESM2-MM,ssp245,2040,282.82168579
NorESM2-MM,ssp245,2041,281.22164917
NorESM2-MM,ssp245,2042,282.03976440
NorESM2-MM,ssp245,2043,282.52163696
NorESM2-MM,ssp245,2044,283.83026123
NorESM2-MM,ssp245,2045,284.77502441
NorESM2-MM,ssp245,2046,283.44479370
NorESM2-MM,ssp245,2047,282.71337891
NorESM2-MM,ssp245,2048,281.71563721
NorESM2-MM,ssp245,2049,283.05984497
NorESM2-MM,ssp245,2050,284.32467651
NorESM2-MM,ssp245,2051,282.19369507
NorESM2-MM,ssp245,2052,283.21679688
NorESM2-MM,ssp245,2053,282.23843384
NorESM2-MM,ssp245,2054,283.39907837
NorESM2-MM,ssp245,2055,282.72781372
NorESM2-MM,ssp245,2056,283.32708740
NorESM2-MM,ssp245,2057,283.21810913
NorESM2-MM,ssp245,2058,283.14550781
NorESM2-MM,ssp245,2059,284.01541138
NorESM2-MM,ssp245,2060,283.60870361
NorESM2-MM,ssp245,2061,281.64205933
NorESM2-MM,ssp245,2062,283.18527222
NorESM2-MM,ssp245,2063,282.39065552
NorESM2-MM,ssp245,2064,281.73214722
NorESM2-MM,ssp245,2065,283.50650024
NorESM2-MM,ssp245,2066,283.75921631
NorESM2-MM,ssp245,2067,283.09387207
NorESM2-MM,ssp245,2068,284.17477417
NorESM2-MM,ssp245,2069,283.20254517
NorESM2-MM,ssp245,2070,283.82366943
NorESM2-MM,ssp245,2071,283.17248535
NorESM2-MM,ssp245,2072,282.88351440
NorESM2-MM,ssp245,2073,282.55874634
NorESM2-MM,ssp245,2074,282.96337891
NorESM2-MM,ssp245,2075,283.56747437
NorESM2-MM,ssp245,2076,284.50796509
NorESM2-MM,ssp245,2077,284.51568604
NorESM2-MM,ssp245,2078,284.00143433
NorESM2-MM,ssp245,2079,285.17636108
NorESM2-MM,ssp245,2080,283.17034912
NorESM2-MM,ssp245,2081,285.20767212
NorESM2-MM,ssp245,2082,283.57635498
NorESM2-MM,ssp245,2083,284.47048950
NorESM2-MM,ssp245,2084,283.62268066
NorESM2-MM,ssp245,2085,283.50326538
NorESM2-MM,ssp245,2086,282.58883667
NorESM2-MM,ssp245,2087,284.59234619
NorESM2-MM,ssp245,2088,282.73474121
NorESM2-MM,ssp245,2089,284.10803223
NorESM2-MM,ssp245,2090,282.87030029
NorESM2-MM,ssp245,2091,283.32785034
NorESM2-MM,ssp245,2092,285.32910156
NorESM2-MM,ssp245,2093,284.19357300
NorESM2-MM,ssp245,2094,283.10421753
NorESM2-MM,ssp245,2095,285.11923218
NorESM2-MM,ssp245,2096,283.88562012
NorESM2-MM,ssp245,2097,282.90173340
NorESM2-MM,ssp245,2098,284.80676270
NorESM2-MM,ssp245,2099,283.78335571
NorESM2-MM,ssp370,2015,282.45245361
NorESM2-MM,ssp370,2016,282.76022339
NorESM2-MM,ssp370,2017,282.42980957
NorESM2-MM,ssp370,2018,281.61080933
NorESM2-MM,ssp370,2019,282.26766968
NorESM2-MM,ssp370,2020,282.27301025
NorESM2-MM,ssp370,2021,283.59017944
NorESM2-MM,ssp370,2022,281.99423218
NorESM2-MM,ssp370,2023,282.75006104
NorESM2-MM,ssp370,2024,282.20214844
NorESM2-MM,ssp370,2025,282.49157715
NorESM2-MM,ssp370,2026,282.57351685
NorESM2-MM,ssp370,2027,281.81976318
NorESM2-MM,ssp370,2028,282.88165283
NorESM2-MM,ssp370,2029,282.29721069
NorESM2-MM,ssp370,2030,282.93634033
NorESM2-MM,ssp370,2031,281.78469849
NorESM2-MM,ssp370,2032,281.35806274
NorESM2-MM,ssp370,2033,283.50387573
NorESM2-MM,ssp370,2034,281.56524658
NorESM2-MM,ssp370,2035,283.36590576
NorESM2-MM,ssp370,2036,283.50875854
NorESM2-MM,ssp370,2037,282.90722656
NorESM2-MM,ssp370,2038,282.73861694
NorESM2-MM,ssp370,2039,282.42538452
NorESM2-MM,ssp370,2040,281.63610840
NorESM2-MM,ssp370,2041,283.48123169
NorESM2-MM,ssp370,2042,283.32122803
NorESM2-MM,ssp370,2043,283.58990479
NorESM2-MM,ssp370,2044,283.15728760
NorESM2-MM,ssp370,2045,285.12292480
NorESM2-MM,ssp370,2046,283.31182861
NorESM2-MM,ssp370,2047,281.71661377
NorESM2-MM,ssp370,2048,283.54061890
NorESM2-MM,ssp370,2049,282.86828613
NorESM2-MM,ssp370,2050,283.57162476
NorESM2-MM,ssp370,2051,283.29257202
NorESM2-MM,ssp370,2052,284.15173340
NorESM2-MM,ssp370,2053,283.28213501
NorESM2-MM,ssp370,2054,282.93795776
NorESM2-MM,ssp370,2055,283.49542236
NorESM2-MM,ssp370,2056,281.38076782
NorESM2-MM,ssp370,2057,283.96084595
NorESM2-MM,ssp370,2058,283.32122803
NorESM2-MM,ssp370,2059,282.67547607
NorESM2-MM,ssp370,2060,283.48126221
NorESM2-MM,ssp370,2061,282.28631592
NorESM2-MM,ssp370,2062,283.24182129
NorESM2-MM,ssp370,2063,284.23312378
NorESM2-MM,ssp370,2064,283.05044556
NorESM2-MM,ssp370,2065,282.90808105
NorESM2-MM,ssp370,2066,283.74169922
NorESM2-MM,ssp370,2067,283.79220581
NorESM2-MM,ssp370,2068,284.23736572
NorESM2-MM,ssp370,2069,284.21383667
NorESM2-MM,ssp370,2070,282.82141113
NorESM2-MM,ssp370,2071,284.26797485
NorESM2-MM,ssp370,2072,284.00738525
NorESM2-MM,ssp370,2073,282.46972656
NorESM2-MM,ssp370,2074,283.96786499
NorESM2-MM,ssp370,2075,284.18914795
NorESM2-MM,ssp370,2076,283.75869751
NorESM2-MM,ssp370,2077,282.02795410
NorESM2-MM,ssp370,2078,284.11294556
NorESM2-MM,ssp370,2079,283.38015747
NorESM2-MM,ssp370,2080,283.83581543
NorESM2-MM,ssp370,2081,284.39208984
NorESM2-MM,ssp370,2082,283.66015625
NorESM2-MM,ssp370,2083,283.58761597
NorESM2-MM,ssp370,2084,286.22616577
NorESM2-MM,ssp370,2085,283.31988525
NorESM2-MM,ssp370,2086,284.09082031
NorESM2-MM,ssp370,2087,283.81930542
NorESM2-MM,ssp370,2088,282.84469604
NorESM2-MM,ssp370,2089,284.74740601
NorESM2-MM,ssp370,2090,285.94006348
NorESM2-MM,ssp370,2091,284.30160522
NorESM2-MM,ssp370,2092,283.90057373
NorESM2-MM,ssp370,2093,284.26965332
NorESM2-MM,ssp370,2094,284.13189697
NorESM2-MM,ssp370,2095,284.26751709
NorESM2-MM,ssp370,2096,284.49658203
NorESM2-MM,ssp370,2097,283.75677490
NorESM2-MM,ssp370,2098,284.03811646
NorESM2-MM,ssp370,2099,284.31054688
NorESM2-MM,ssp585,2015,282.43804932
NorESM2-MM,ssp585,2016,283.30386353
NorESM2-MM,ssp585,2017,282.81246948
NorESM2-MM,ssp585,2018,282.88150024
NorESM2-MM,ssp585,2019,282.76055908
NorESM2-MM,ssp585,2020,282.85528564
NorESM2-MM,ssp585,2021,282.90148926
NorESM2-MM,ssp585,2022,281.80670166
NorESM2-MM,ssp585,2023,283.60015869
NorESM2-MM,ssp585,2024,281.95803833
NorESM2-MM,ssp585,2025,282.90115356
NorESM2-MM,ssp585,2026,282.75357056
NorESM2-MM,ssp585,2027,284.09182739
NorESM2-MM,ssp585,2028,281.88705444
NorESM2-MM,ssp585,2029,283.22775269
NorESM2-MM,ssp585,2030,281.93908691
NorESM2-MM,ssp585,2031,282.64355469
NorESM2-MM,ssp585,2032,281.99816895
NorESM2-MM,ssp585,2033,282.77120972
NorESM2-MM,ssp585,2034,283.58306885
NorESM2-MM,ssp585,2035,282.67041016
NorESM2-MM,ssp585,2036,283.59054565
NorESM2-MM,ssp585,2037,282.05718994
NorESM2-MM,ssp585,2038,282.07025146
NorESM2-MM,ssp585,2039,282.80184937
NorESM2-MM,ssp585,2040,282.80050659
NorESM2-MM,ssp585,2041,282.12545776
NorESM2-MM,ssp585,2042,283.38385010
NorESM2-MM,ssp585,2043,282.47940063
NorESM2-MM,ssp585,2044,282.66671753
NorESM2-MM,ssp585,2045,283.22406006
NorESM2-MM,ssp585,2046,282.56378174
NorESM2-MM,ssp585,2047,283.78601074
NorESM2-MM,ssp585,2048,283.18853760
NorESM2-MM,ssp585,2049,282.07107544
NorESM2-MM,ssp585,2050,282.99566650
NorESM2-MM,ssp585,2051,283.35906982
NorESM2-MM,ssp585,2052,282.48077393
NorESM2-MM,ssp585,2053,284.18328857
NorESM2-MM,ssp585,2054,284.34457397
NorESM2-MM,ssp585,2055,284.27468872
NorESM2-MM,ssp585,2056,283.81060791
NorESM2-MM,ssp585,2057,282.94723511
NorESM2-MM,ssp585,2058,283.33132935
NorESM2-MM,ssp585,2059,283.20925903
NorESM2-MM,ssp585,2060,284.03369141
NorESM2-MM,ssp585,2061,283.90798950
NorESM2-MM,ssp585,2062,283.01705933
NorESM2-MM,ssp585,2063,283.57781982
NorESM2-MM,ssp585,2064,285.25305176
NorESM2-MM,ssp585,2065,283.61804199
NorESM2-MM,ssp585,2066,283.41595459
NorESM2-MM,ssp585,2067,283.37908936
NorESM2-MM,ssp585,2068,283.47201538
NorESM2-MM,ssp585,2069,283.52966309
NorESM2-MM,ssp585,2070,283.97174072
NorESM2-MM,ssp585,2071,285.08801270
NorESM2-MM,ssp585,2072,284.29547119
NorESM2-MM,ssp585,2073,283.54034424
NorESM2-MM,ssp585,2074,284.07855225
NorESM2-MM,ssp585,2075,284.31143188
NorESM2-MM,ssp585,2076,284.57052612
NorESM2-MM,ssp585,2077,283.57955933
NorESM2-MM,ssp585,2078,284.01867676
NorESM2-MM,ssp585,2079,285.22393799
NorESM2-MM,ssp585,2080,285.11160278
NorESM2-MM,ssp585,2081,284.09121704
NorESM2-MM,ssp585,2082,283.78857422
NorESM2-MM,ssp585,2083,284.33438110
NorESM2-MM,ssp585,2084,283.67697144
NorESM2-MM,ssp585,2085,284.49093628
NorESM2-MM,ssp585,2086,284.45022583
NorESM2-MM,ssp585,2087,284.31130981
NorESM2-MM,ssp585,2088,285.16748047
NorESM2-MM,ssp585,2089,285.75787354
NorESM2-MM,ssp585,2090,284.14001465
NorESM2-MM,ssp585,2091,284.47906494
NorESM2-MM,ssp585,2092,286.65069580
NorESM2-MM,ssp585,2093,284.40612793
NorESM2-MM,ssp585,2094,285.81735229
NorESM2-MM,ssp585,2095,286.95718384
NorESM2-MM,ssp585,2096,285.21652222
NorESM2-MM,ssp585,2097,286.09097290
NorESM2-MM,ssp585,2098,285.19421387
NorESM2-MM,ssp585,2099,285.53781128
